alias,target,type
abrol,ambroxol,brand
acc,acetylcysteine,brand
ajovy,fremanezumab,brand
azitromycin,azithromycin,brand
budenofalk,budesonide,brand
budesonide,budesonide,brand
celestone,betamethasone,brand
chlorhexidine,chlorhexidine,brand
emla,lidocaine prilocaine,brand
eutirox,levothyroxine,brand
hctz,hydrochlorothiazide,brand
ibuprofen,ibuprofen,brand
l тироксин,levothyroxine,brand
loperaмide,loperamide,brand
melatonin,melatonin,brand
omeprazole,omeprazole,brand
paracetamol,paracetamol,brand
ulcamed,omeprazole,brand
аб'юфен,beta-alanine,brand
аб`юфен,beta-alanine,brand
абертін,abertin,brand
абиклав,abiklav,brand
абипим,abypim,brand
абиртрон,abiraterone,brand
абифлокс,abiflox,brand
аброл,ambroxol,brand
абьюфен,beta-alanine,brand
абюфен,beta-alanine,brand
абізол,abizol,brand
абікса,abixa,brand
абіртрон,abiraterone,brand
абітазим,abitazim,brand
аб’юфен,beta-alanine,brand
аваміс,avamys,brand
аваналав,avanalav,brand
авастин,avastin,brand
авелокс,avelox,brand
авеню,avenue,brand
авертид,avertid,brand
аводарт,avodart,brand
аводель,avodel,brand
агвантар,agvantar,brand
агепта,agepta,brand
агерп,aherp,brand
агнесті,agnesti,brand
агрелід,agrelid,brand
агіал,agial,brand
агідол,agidol,brand
адажио,adagio,brand
адапален,adapalene,brand
адаптол,adaptol,brand
адваграф,advagraf,brand
адвантан,advantan,brand
адвокард,advocard,brand
адеметіонін,ademetionine,brand
адемта,ademta,brand
аденорм,adenorm,brand
аденурік,adenuric,brand
аджові,fremanezumab,brand
адмента 10,admenta,brand
адолікс,adolix,brand
адріус,adrius,brand
адцетрис,adcetris,brand
аевіт,aevit,brand
аекол,aecolum,brand
аерофілін,aerofyllin,brand
аертал,airtal,brand
азагілін,azahilin,brand
азакс,azax,brand
азалептол,asaleptolum,brand
азапін,azapin,brand
азарга,azarga,brand
азацитидин,azacitidine,brand
азвестів,azvestiv,brand
азельта,azelta,brand
азеонам,azeonam,brand
азептил,azeptil,brand
азибіот,azibiot,brand
азиклар,aziclar,brand
азимед,azimed,brand
азипол,azipol,brand
азитер,azyter,brand
азитрал 250,azithral,brand
азитрал 500,azithral,brand
азитромакс,azithromax,brand
азитроміцин,azithromycin,brand
азитроміцин віста,azithromycin,brand
азицин,azicin,brand
азо,azo,brand
азомекс,asomex,brand
азопт,azopt,brand
азтек,aztek,brand
азілект,azilect,brand
айглімет,aiglimet,brand
айгліп,eyeglip,brand
айдрінк,idrink,brand
айлар,ilar,brand
айлія,eylea,brand
акард,acard,brand
аквамакс,aquamax,brand
аквасінус,aquasinus,brand
акваферрол,aqaferrol,brand
акк,akk,brand
аккордин,accordin,brand
аккофіл,accofil,brand
акласта,aclasta,brand
акневак,acnevac,brand
акнестоп,acnestop,brand
акнетрекс,acnetrex,brand
акнетін,acnetin,brand
акс,acetylcysteine,brand
аксапара,axapara,brand
аксастрол,axastrol,brand
аксетин,axetine,brand
аксеф,aksef,brand
аксональ,axonal,brand
аксотилін,axotilin,brand
аксотроф,axotroph,brand
актилізе,actilyse,brand
актовегін,actovegin,brand
актіпрол,aktiprol,brand
акінетон,akineton,brand
акістан,akistan,brand
аладин,aladin,brand
алакор,alacor,brand
алактин,alactin,brand
албуцид,sulfacetamide,brand
алвобак,alvobak,brand
алвін,alvin,brand
алгезикам,algezikam,brand
алдара,aldara,brand
алекенза,alecensa,brand
алексан,alexan,brand
алергодерм,allergoderm,brand
алергодил,allergodil,brand
алергозан,allergosan,brand
алерголік,alergolik,brand
алергомакс,allergomax,brand
алергостоп,allergostop,brand
алергофрі,allergofree,brand
алердез,alerdez,brand
алерзин,alerzin,brand
алерон,aleron,brand
алзепіл,alzepil,brand
алкеран,alkeran,brand
аллева,alleva,brand
аллерсет,allercet,brand
аллертек,allertec,brand
аллеста,allesta,brand
аллуна,alluna,brand
алмагель,almagel,brand
алмиба,almiba,brand
алміба,almiba,brand
алмірал,almiral,brand
алопуринол,allopurinolum,brand
алора,alora,brand
алором,aloromum,brand
алотендин,alotendin,brand
алохол,allocholum,brand
алсокам,alsokam,brand
алтейка,alteyka,brand
алтемікс,althemix,brand
алтум,altum,brand
алтіва,altiva,brand
алувіа,aluvia,brand
алфлутоп,alflutop,brand
алфірум,alfirum,brand
альба,alba,brand
альбела,albela,brand
альбендазол,albendazole,brand
альбензі,albenzee,brand
альгозан,algozan,brand
альгімакс,algimax,brand
альдазол,aldazole,brand
альдуразим,aldurazyme,brand
альмінда,alminda,brand
альтабор,altabor,brand
альтан,altanum,brand
альтрено,altreno,brand
альфахолін,alphacholine,brand
альцмерат,alcmerat,brand
алєндра,alendra,brand
алімта,alimta,brand
алітер,aliter,brand
амантин,amantin,brand
амарил,amaryl,brand
амбробене,ambroxol,brand
амброксол,ambroxolum,brand
амброксол 15,ambroxolum,brand
амбролекс,ambroleks,brand
амбролітин,ambrolytin,brand
амбротард 75,ambrotard,brand
амбрія,ambria,brand
амбіт,ambit,brand
амертил,amertil,brand
аминазин,chlorpromazine,brand
амкесол,amkesol,brand
амлесса,amlodipine perindopril,brand
амлодипін,amlodipinum,brand
амлодипін,amlodipine,inn
амлосартан,amlodipine losartan,brand
амлостат,amlodipine,brand
амліпін,amlodipine,brand
амоксил,amoxil,brand
амоксицилін,amoxicillin,brand
амприл,ampril,brand
ампісульбін,ampisulbin,brand
ампіцилін,ampicillin,brand
амфоліп,ampholip,brand
аміак,ammonia,brand
амігрен,amigren,brand
амідарон,amidaron,brand
амізин,chlorpromazine,brand
амізон,amizon,brand
амізончик,amizonchik,brand
амікацид,amikacud,brand
аміназин,aminazinum,brand
аміналон,aminalon,brand
аміневрин,aminevrin,brand
аміновен,aminoven,brand
амінол,aminol,brand
аміодарон,amiodaron,brand
аміокордин,amiokordin,brand
амітриптилін,amitriptyline,brand
аміцил,amicil,brand
аміцитрон,amicitron,brand
анальгодекс,analgodex,brand
анальгін,analginum,brand
анальдим,analdim,brand
анантаваті,anantavati,brand
анапірон,anapiron,brand
анатеро,anatero,brand
анауран,anauran,brand
анаферон,anaferon,brand
ангельмекс,angelmex,brand
ангілор,angilor,brand
ангіноваг,anginovag,brand
ангітон,angiton,brand
андрожель,androgel,brand
андрофарм,androfarm,brand
анеза,aneza,brand
анестезол,anaesthesolum,brand
анжелік,angeliq,brand
анзибел,anzibel,brand
антарес,antares,brand
антиглист,antiglist,brand
антикатарал,anticataral,brand
антитромб,antithromb,brand
антитусин,antitussin,brand
антифлу,antiflu,brand
антраль,antral,brand
анідулафунгін,anidulafungin,brand
апейн,apain,brand
апетистим,apetistim,brand
апоніл,aponil,brand
апсибин,apsibin,brand
апсорбін,apsorbin,brand
апізартрон,apisarthron,brand
апіколд,apicold,brand
апіпрост,apiprost,brand
апіфарм антихрап,apipharm,brand
аралет,aralet,brand
аранесп,aranesp,brand
аргосульфан,argosulfan,brand
аргілайф,argilife,brand
аргітат,argitat,brand
аргітек,argitec,brand
ардуан,arduan,brand
ареклок,areklok,brand
арикстра,arixtra,brand
аримідекс,arimidex,brand
арипразол,ariprazol,brand
ариста,arista,brand
арифам,arifam,brand
арифон,indapamide,brand
арицепт,donepezil,brand
аркоксія,arcoxia,brand
аркурон,arcuron,brand
арлеверт,arlevert,brand
армадин,armadin,brand
армікор,armicor,brand
аромазин,aromasin,brand
аронта,aronta,brand
арстифен,arstifen,brand
артелак,artelac,brand
артижель,artizhel,brand
артифрин,artiphrin,brand
артишок,artichoke,brand
артоксан,artoxan,brand
артрида,artrida,brand
артрикюр n,artricure,brand
артритозамін,artritosamin,brand
артрокс,artrox,brand
артікон,articon,brand
артінібса,artinibsa,brand
артіхол,artihol,brand
арфа,arfa,brand
арфазетин,arphasetinum,brand
арілентал,arilenthal,brand
аріс,aris,brand
асакол,asacol,brand
асафен,asaphen,brand
асглюкан,asglucan,brand
асентра,asentra,brand
асиброкс,asibrox,brand
аск,ask,brand
асконова,askonova,brand
аскопар,ascopar,brand
аскорутин,ascorutin,brand
аскоцин,ascocin,brand
асмонт,asmont,brand
аспазмін,aspazmin,brand
аспаркам,asparcam,brand
аспорелікс,asporelix,brand
аспротек,asprotek,brand
аспрікс,asprix,brand
аспікам,aspicam,brand
аспірин,aspirin,brand
астатор 10,astator,brand
астатор 5,astator,brand
астин,astin,brand
астраце,astrace,brand
астрацитрон,astracitrone,brand
астрія,astria,brand
атаракс,atarax,brand
атгам,atgam,brand
атенолол,atenolol,brand
атерокард,aterocard,brand
атовакс,atovax,brand
атокор,atocor,brand
атомоксин,atomoxin,brand
аторвакор,atorvacor,brand
аторвастатин,atorvastatinum,brand
аторвастерол,atorvasterol,brand
аторис,atoris,brand
атраксан,atraxan,brand
атрогрел,atrogrel,brand
аттенто,attento,brand
аугментин,bd,brand
ауксилен,auxilen,brand
ауробін,aurobin,brand
ауроксетил,auroxetil,brand
ауроподокс,auropodox,brand
аурідексан,auridexan,brand
афала,afala,brand
афлазин,aflazin,brand
афлетин,afletin,brand
афлодерм,afloderm,brand
афлубін,aflubin,brand
афлугрип,aflugrip,brand
афобазол,fabomotizole,brand
афосил,afosil,brand
афінітор,afinitor,brand
ахд 2000,ahd,brand
ацелізин,acelysin,brand
ацемік,acemic,brand
ацербін,acerbin,brand
ацесоль,acesolum,brand
ацетилка,acetylka,brand
ацетилцистеїн,acetylcystein,brand
ацетилцистеїн тева,acetylcysteine,brand
ацетилін,acetylin,brand
ацикловір,aciclovir,brand
ациклостад,aciclostad,brand
ацинтак,acintac,brand
ацц,acetylcysteine,brand
ачефлан,acheflan,brand
аіртек,airtec,brand
бажана,bazhana,brand
байкаліс,baikalis,brand
баклофен,baclofen,brand
бактобліс,bactoblis,brand
бактоклав,bactoklav,brand
бактолокс,bactolox,brand
бактіаліс,bactialis,brand
банбакт,banbakt,brand
баратон,baraton,brand
барвітон,barviton,brand
барол,barol,brand
бекант,becant,brand
бекарбон,becarbonum,brand
беклазон,beclometasone,brand
беклометазон,beclometasone,brand
беклофорт,beclometasone,brand
беконазе,beconase,brand
бексеро,bexsero,brand
белалгін,bellalginum,brand
белара,belara,brand
беластезин,bellasthesinum,brand
белогент,belogent,brand
белодерм,beloderm,brand
белосалік,belosalic,brand
беліса,belisa,brand
бемедозон,bemedozon,brand
бемфола,bemfola,brand
бендамусвіста,bendamusvista,brand
бенефікс,benefix,brand
бензилбензоат,benzylbenzoat,brand
бензилпеніцилін,benzylpenicillin,brand
беноділ,benodil,brand
беноксі,benoxy,brand
бентеро,bentero,brand
берліприл,berlipril,brand
берлітіон,berlithion,brand
беровент,fenoterol,brand
беродуал,berodual,brand
бероз,beros,brand
беротек,fenoterol,brand
бесалол,besalolum,brand
бетагіс,betagis,brand
бетадерм,betaderm,brand
бетазон,betazone,brand
бетак,betac,brand
бетакор,betacor,brand
беталев,betalev,brand
беталок,betaloc,brand
бетамакс,betamaks,brand
бетаметазон,betamethasone,brand
бетасалік,betasalic,brand
бетасерк,betaserc,brand
бетаспан,betaspan,brand
бетаферон,betaferon,brand
бетафос,betaphos,brand
бетиол,bethiolum,brand
бетмига,betmiga,brand
бетофтан,betoftan,brand
бластомуніл,blastomunyl,brand
блемарен,blemaren,brand
блефадемодекс,blephademodex,brand
блефаклін стерильні серветки щоденної гігієни повік та чутливої шкіри,blephaclean,brand
блокпейн,blockpain,brand
блімол,blimol,brand
бліпім,blipime,brand
бліс,blis,brand
бліцеф,blicef,brand
бодрекс,bodrex,brand
бозуліф,bosulif,brand
бонвіва,bonviva,brand
бондерм,bonderm,brand
бонджигар,bonjigar,brand
бондронат,bondronat,brand
боневіста,bonevista,brand
боризол,borizolum,brand
бороментол,boromentholum,brand
бортезовіста,bortezovista,brand
бортезоміб,bortezomibum,brand
ботокс,botox,brand
бофен,bofen,brand
бофен 600,bofen,brand
бравадин,bravadin,brand
бравель,bravelle,brand
браксон,brakson,brand
брамітоб,bramitob,brand
браунодин,braunodin,brand
бревелак,breveluck,brand
брексін,brexin,brand
бризаль,brisal,brand
бризотон,brizoton,brand
брилінта,brilinta,brand
бримоген,brimogen,brand
бринекс,bryneks,brand
бродіпім,brodipime,brand
броксінак,broxinac,brand
бронлес,bronles,brand
бронхалик,bronchalik,brand
бронховід,bronchovid,brand
бронхолітин,broncholytin,brand
бронхомуцин,bronchomucin,brand
бронхостоп,bronchostop,brand
бронхофіт,bronchophyt,brand
брустан,brustan,brand
бруфен,brufen,brand
брінера,brinera,brand
брінтеллікс,brintellix,brand
бріомосс,briomoss,brand
бріоніт,brionit,brand
будесонід,budesonid,brand
будесонід інтелі,budesonide,brand
будіксон,budesonide,brand
бупрінол,buprinol,brand
бупівакаїн,bupivacainum,brand
бупірол,bupirol,brand
біблок,byblok,brand
бібрайт,bebright,brand
бівел,bewell,brand
бікард,bicard,brand
бікатеро,bicatero,brand
бікулід,bikulid,brand
біластин,bilastyn,brand
біле вугілля,carbowhite,brand
біллариум,billarium,brand
білобіл,bilobil,brand
біманокс,bimanox,brand
бінфін,binfin,brand
біовітон,bioviton,brand
біолітпро,biolitpro,brand
біонорм,bionorm,brand
біоселак,bioselac,brand
біосепт,biosept,brand
біосепт 70,biosept,brand
біосон,bioson,brand
біотин,biotin,brand
біофлоракс,bioflorax,brand
біоцерулін,biocerulinum,brand
біоциклін,biociklin,brand
біпролол,biprolol,brand
бісакодил,bisacodylum,brand
бісептол,biseptol,brand
бісептол 480,biseptol,brand
бісопрол,bisoprol,brand
бісопролол,bisoprololum,brand
бісферро,bisferro,brand
бітуб,bitub,brand
біфрен,bifren,brand
біциклол,bicyclol,brand
біцилін 3,bicillin,brand
біцилін 5,bicillin,brand
бішофіт внутрішнього застосування,bishofit,brand
вабадин,vabadin,brand
вабісмо,faricimab,brand
вагібіотик,vagibiotic,brand
вагікаль,vagikal,brand
вагілак,vagilac,brand
вагітіаб,vagitiab,brand
вазавітал,vasavital,brand
вазапростан,vazaprostan,brand
вазатор,simvastatin,brand
вазиліп,vasilip,brand
вазитрен,vasitren,brand
вазокет,vasoket,brand
вазонат,vazonat,brand
вазоніт,vasonit,brand
вазосерк,vasoserc,brand
ваксол,vaxol,brand
валавір,valavir,brand
валаргін,valargin,brand
валарокс,valarox,brand
валерика,valerica,brand
валеріана,valeriana,brand
валеріанка,valerianka,brand
валесан,valesan,brand
валмісар,valmisar,brand
валодіп,valodip,brand
валокордин,valocordin,brand
валокормід,valocormidum,brand
валсартан,valsartan,brand
валусал,valusal,brand
валцик,valcik,brand
вальсакор,valsacor,brand
вальтрекс,valtrex,brand
вальтровір,valtrovir,brand
вальцит,valcyte,brand
валідол,validol,brand
вамелан,vamelan,brand
ванатекс,vanatex,brand
ванкован,vancovan,brand
ванкоміцин,vancomycin,brand
ванлерк,vanlerk,brand
варфарекс,warfarex,brand
везикар,vesicare,brand
везомні,vesomni,brand
вектибікс,vectibix,brand
велаксин,velaxin,brand
велпанат,velpanat,brand
вендіол,vendiol,brand
венкліксто,venclyxto,brand
венлаксор,venlaxor,brand
веновітал,venovital,brand
веногепанол,venohepanol,brand
веногепанол 1000,venohepanol,brand
венодіол,venodiol,brand
веноплант,venoplant,brand
венорм,venorm,brand
венорутинол,venorutinolum,brand
венорутон,oxerutins,brand
веносміл,venosmil,brand
веносмін,venosmin,brand
венофер,venofer,brand
вентавіс,ventavis,brand
вентолін,salbutamol,brand
венітан,venitan,brand
верапамілу гідрохлорид,verapamil,brand
вератард 180,veratard,brand
вергостин,vergostin,brand
вердай,verdye,brand
вермокс,vermox,brand
веромістин,veromistin,brand
верона,verona,brand
верошпірон,verospiron,brand
веррукутан,verrucutan,brand
вертебра,vertebra,brand
вертинекс,vertinex,brand
вертігохеель оральні,vertigoheel,brand
вертігохеель інєкцій,vertigoheel,brand
верікса,verixa,brand
вестібо,vestibo,brand
вестінорм,vestinorm,brand
виданол,vidanol,brand
виндуза,winduza,brand
вобензим,wobenzym,brand
вобілон,vobilon,brand
вовчуг,ononis,brand
вогер,voger,brand
вокара,vocara,brand
воксид,voxid,brand
волвіт,wolvit,brand
вольтарен,voltaren,brand
волютенз,volutens,brand
вомікайнд,vomikind,brand
вориконазол,voriconazole,brand
ворикоцид,voriconazole,brand
воритаб,voritab,brand
ворматік,wormatik,brand
ворміл,vormil,brand
вормітел,wormitel,brand
воріконазол ромфарм,voriconazole,brand
вотрієнт,votrient,brand
впрів,vpriv,brand
вратизолін,vratizolin,brand
вундехіл,wundahyl,brand
віагра,viagra,brand
віадор,viador,brand
віаль,vial,brand
віброцил,vibrocil,brand
вібуркол,viburcol,brand
вівабон,vivabon,brand
вігамокс,vigamox,brand
вігор,vigor,brand
від захитування та нудоти,dimenhydrinate,brand
відеїн,videyin,brand
відора,vidora,brand
відісік,vidisic,brand
візаллергол,visallergol,brand
візан,visanne,brand
візеалот,vizealot,brand
візивіт,vizivit,brand
візкью,vsiqq,brand
візоптик,visoptic,brand
візормакс,visormax,brand
візулта,vyzulta,brand
візілотон засіб офтальмологічний,visiloton,brand
вікалін,vicalinum,brand
вікаїр,vicairum,brand
віктоза,viktosa,brand
вілате,wilate,brand
вімпат,vimpat,brand
вімізим,vimisim,brand
вінорельбін,vinorelbinum,brand
вінпоцетин,vinpocetinum,brand
вінітел,vinitel,brand
віпенем,vipenem,brand
віпратокс,vipratox,brand
віракса,viraxa,brand
вірган,virgan,brand
вірдак,virdac,brand
віреад,viread,brand
віролекс,virolex,brand
віроріб,virorib,brand
віростат,virostat,brand
вітакап,vitacap,brand
вітаксон,vitaxon,brand
віталіпід,vitalipid,brand
вітанго,vitango,brand
вітапрост,vitaprost,brand
вітасепт,vitasept,brand
вітацертин,vitacertin,brand
віфенд,vfend,brand
віцеброл,vicebrol,brand
габалепт,gabalept,brand
габана,gabana,brand
габантин 300,gabantin,brand
гадолерій,gadobutrol,brand
газоспазам,gazospazam,brand
газіва,gazyva,brand
гайморин,gaimorin,brand
гайнекс,gynex,brand
галавіт,galavit,brand
галазолін,galazolin,brand
галара,galara,brand
галоперидол,haloperidol,brand
галоприл,galopril,brand
галстена,galstena,brand
гамма,gamma,brand
гаммафертил,gammafertil,brand
ганатон,ganaton,brand
ганцил,ganciclovir,brand
гардасил 9,gardasil,brand
гастротек,gastrotec,brand
гастрофіт,gastrophyt,brand
гатилин,gatilin,brand
гатимак,gatimac,brand
гевкамен,gevcamenum,brand
гевіран,heviran,brand
геделикс,hedelix,brand
гедерин,hederinointment,brand
гек,hes,brand
гековен,gecoven,brand
гекодез,gecodez,brand
гекотон,gecoton,brand
гексавіт,hexavitum,brand
гексаліз,hexalyse,brand
гексаспрей,hexaspray,brand
гекситекс,hexitex,brand
гексосепт,gexosept,brand
гексікон,hexicon,brand
гелоплазма,geloplasma,brand
гелофузин,gelofusine,brand
гельмінтокс,helmintox,brand
гемаксам,gemaxam,brand
гемлібра,emicizumab,brand
гемоактив,hemoactiv,brand
гемопрокт,haemoproct,brand
гемороль,hemorol,brand
гемотран,gemotran,brand
гемоферон,haemoferon,brand
"гемцитабін ""ебеве""",gemcitabin,brand
генеролон,generolon,brand
генотропін,genotropin,brand
гентаксан,gentaxan,brand
гентасепт,gentasept,brand
гентос,gentos,brand
гепабене,hepabene,brand
гепавал,hepaval,brand
гепадиф,hepadif,brand
гепадоктор,hepadoctor,brand
гепаклін,hepaclean,brand
гепаметіон,hepametion,brand
гепаргін,hepargin,brand
гепаризин,heparhizine,brand
гепаскін,hepaskin,brand
гепаслім,hepaslim,brand
гепатокс,hepatox,brand
гепатомуніл,hepatomunil,brand
гепатофіт,hepatophyt,brand
гепатромбін,hepathrombin,brand
гепахелс,hepahealth,brand
гепацеф,gepacef,brand
гептрал,heptral,brand
герпевір,herpevir,brand
герцептин,herceptin,brand
гесперидин,hesperidin,brand
гесталідер,gestalider,brand
гландум,glandum,brand
глаутан,glautan,brand
глево,glevo,brand
глемонт,glemont,brand
гленспрей,glenspray,brand
гленцет,glencet,brand
глимакс,glimax,brand
глутаргін,glutargin,brand
глюкованс,glucovance,brand
глюкоза,glucosum,brand
глюкосат,glucosat,brand
глюкосол,glucosol,brand
глюкофаж,glucophage,brand
глюксил,gluxyl,brand
глюренорм,glurenorm,brand
глютазон,glutazone,brand
глюталіт,glutalit,brand
гліатилін,gliatilin,brand
глібенкламід,glibenclamide,brand
глібомет,glibomet,brand
глівек,glivec,brand
глід,hawthorn,brand
гліклада,gliclada,brand
гліклазид,gliclazide,brand
глімепірид,glimepiride,brand
гліозомід,glyosomid,brand
гліптар,gliptar,brand
глітейк,gliteik,brand
гліхат,glyhat,brand
гліцерин,glycerin,brand
гліцик,glycik,brand
гліцисед,glicised,brand
гомеовокс,homeovox,brand
гордокс,gordox,brand
горостен,horostenum,brand
гофен,gofen,brand
гравагін,gravagin,brand
грандазол,grandazol,brand
граноцит 34,granocyte,brand
грастим,grastim,brand
гризеофульвін,griseofulvinum,brand
гриндоліс,greendolis,brand
грипаут,gripout,brand
грипго,gripgo,brand
грипекс,gripex,brand
грипомед,gripomedum,brand
грипоцитрон,gripocitron,brand
гроприм,groprim,brand
гропринозин,groprinosin,brand
гропівірін,gropivirin,brand
гіалган,hyalgan,brand
гіалера,hyalera,brand
гіацинтія,giacintia,brand
гідрасек,hidrasec,brand
гідрокортизон,hydrocortisone,brand
гідроксикарбамід,hydroxycarbamidum,brand
гідрохлортіазид,hydrochlorothiazide,brand
гік,gik,brand
гікамтин,hycamtin,brand
"гілайс стерильний зволожуючий офтальмологічний з гіалуронатом натрію 0,4%",gilays,brand
гіленія,gilenia,brand
гінекит,ginekit,brand
гінекохеель,gynacoheel,brand
гінестрил,ginestril,brand
гінкгоба,ginkgoba,brand
гіноксин,ginoxin,brand
гінолакт,gynolakt,brand
гінофлор,gynoflor,brand
гініпрал,gynipral,brand
гіоксизон,hyoxysonum,brand
гіотриф,giotrif,brand
гіпноранум,hypnoranum,brand
гіпнос,gipnos,brand
гіпотіазид,hypothiazid,brand
гістафен,gistaphen,brand
даверіс,daveris,brand
дазатиніб,dasatinib,brand
дайвобет,daivobet,brand
дакарбазин,dacarbazinum,brand
даклів,dacliv,brand
даксас,daxas,brand
далацин,dalacin,brand
далмаксін,dalmaxin,brand
данавір,danavir,brand
дапагліфлозин,dapagliflozin,brand
даптоміцин,daptomycin,brand
дарзалекс,darzalex,brand
дарсіл,darsil,brand
дарфен,darfen,brand
дарілія,darylia,brand
дваце 200,dvace,brand
деакура,deacura,brand
дебора,debora,brand
деваксіл профілактично гігієнічний отологічний засіб,devaxil,brand
дезаміноокситоцин,desaminooxytocinum,brand
дезиретт,desirett,brand
дезофемін,desofemin,brand
дезрадин,dezradin,brand
декамевіт,decamevit,brand
декап,decap,brand
декапептил,decapeptyl,brand
декарис,decaris,brand
декатилен,decatylen,brand
деквадол,dequadol,brand
декенор,dekenor,brand
декета,deketa,brand
декриз,decris,brand
декрістол,dekristol,brand
дексалгін,dexalgin,brand
дексаметазон,dexamethasonum,brand
дексанта,dexanta,brand
дексапос,dexapos,brand
дексаром,dexarom,brand
дексафрі,dexafree,brand
дексдор,dexdor,brand
дексил,dexil,brand
декскетопрофен,dexketoprofen,brand
дексмедетомідин віста,dexmedetomidin,brand
дексмедетомідину гідрохлорид,dexmedetomidin,brand
дексобел,deksobel,brand
декспро,dexpro,brand
декстемп,dekstemp,brand
дексілант,dexilant,brand
делуфен,delufen,brand
дельталіцин,deltalicin,brand
демопенем,demopenem,brand
денебол,denebol,brand
деновель 30,denovel,brand
дентагель,dentagel,brand
дентол,dentol,brand
денізид,denizid,brand
деніпім,denipim,brand
деніцеф,denicef,brand
депантол,depanthol,brand
депос,depos,brand
депратал,depratal,brand
депресан,depresan,brand
депресин,depresin,brand
депривокс,deprivox,brand
депривіт,deprivit,brand
депулокс,depulox,brand
депіофен,depiofen,brand
дерилайф,derylife,brand
деркаст,derkast,brand
дермабін,dermabin,brand
дермадрін,dermodrin,brand
дермазин,dermazin,brand
дермапро,dermapro,brand
дермасан,dermasan,brand
дермовейт,dermovate,brand
десейз,deseiz,brand
дескет,descet,brand
деспазол,despazol,brand
детоксил,detoxil,brand
детоксифіт,detoxyphyt,brand
детралекс,detralex,brand
детрікал 2000,detrical,brand
дефенорм,defenorm,brand
деферасірокс,deferasirox,brand
дефлю,deflu,brand
джаз,yaz,brand
джайв,jive,brand
джайдес,jaydess,brand
джакаві,jakavi,brand
джардінс,jardiance,brand
дженагра,genagra,brand
джилла,dzhylla,brand
джокер,joker,brand
диазепекс,diazepeks,brand
дивігель,divigel,brand
дигоксин,digoxin,brand
диклак,diclac,brand
диклобрю,diclobru,brand
диклодев,diclodev,brand
диклокаїн,diclocain,brand
диклосан,diclosan,brand
диклофенак,diclofenac,brand
дилтіазем,diltiazemum,brand
димедрол,dimedrol,brand
диміста,dymista,brand
династат,dynastat,brand
диприван,diprivan,brand
дипросалік,diprosalic,brand
дипроспан,diprospan,brand
диротон,diroton,brand
дисоль,disolum,brand
диспорт,dysport,brand
дифенін,dipheninum,brand
диферелін,diphereline,brand
дифлазон,diflazon,brand
дифлюзол,difluzol,brand
дифлюкан,diflucan,brand
дифталь,diftal,brand
дифферін,adapalene,brand
дицетел,dicetel,brand
добавка дієтична бебіплант,bebiplant,brand
добраніч,dobranich,brand
доксазозин,doxazosinum,brand
доксепін,doxepin,brand
доксициклін,doxycycline,brand
доксорубіцин,doxorubicinum,brand
"доксорубіцин ""ебеве""",doxorubicin,brand
доларен,dolaren,brand
долобене,dolobene,brand
долоксен,doloxen,brand
долоніка,dolonica,brand
домперидон,domperidone,brand
домідон,domidone,brand
дона,dona,brand
донекс,donex,brand
донепезил,donepezil,brand
допегіт,dopegyt,brand
дополо,dopolo,brand
допрокін,doprokin,brand
дораміцин,doramycinum,brand
дорез,dores,brand
дорзамед,dorzamed,brand
дорзол,dorsol,brand
дорзоптик,dorzoptik,brand
дорзотимол,dorzotymol,brand
дорзітім,dorzitim,brand
дормідепрін,dormideprin,brand
дормікінд,dormikind,brand
дормінайс,dorminice,brand
дорміплант,dormiplant,brand
достинекс,dostinex,brand
дотавіст,dotavist,brand
доцет концентрат р ну інфузій,docetaxel,brand
доцетаксел,docetaxel,brand
"доцетаксел ""ебеве""",docetaxel,brand
драміна,dramina,brand
дриптан,driptane,brand
дровеліс,drovelis,brand
дроплекс,dropleks,brand
дроспіфем 20,drospifem,brand
дроспіфем 30,drospifem,brand
дротаверин,drotaverinum,brand
дуак,duac,brand
дуглимакс,duglimax,brand
дукресса,ducressa,brand
дулоксента,duloxenta,brand
дулоксин,duloxin,brand
дуовіт,duovit,brand
дуодарт,duodart,brand
дуопрост,duoprost,brand
дуотрав,duotrav,brand
дуспаталін,duspatalin,brand
дустарін,dustarin,brand
дутастерид,dutasteride,brand
дуфаджелі,duphabears,brand
дуфалак,duphalac,brand
дуфастон,duphaston,brand
дюксет,duxet,brand
дюлок,dyulok,brand
дюрогезік,durogesic,brand
дюспаталін,mebeverine,brand
дюфалак,lactulose,brand
діабетон,gliclazide,brand
діавітек,diavitek,brand
діагама,diagamma,brand
діаглізид,diaglizide,brand
діагнол,diagnol,brand
діазепам,diazepamum,brand
діазолін,diazolin,brand
діакарб,diacarb,brand
діакобал,diacobal,brand
діамакс,diamax,brand
діанема,dianema,brand
діапенем,diapenem,brand
діапразол,diaprazole,brand
діапірид,diapirid,brand
діаремікс,diaremix,brand
діацеф,diacef,brand
діклотол,diclotol,brand
дімарил,dimaryl,brand
діметріо,dimetrio,brand
дінар,dinar,brand
діно,dino,brand
діован,diovan,brand
діокор,diocor,brand
діоксидин,dioxydinum,brand
діорен,dioren,brand
діосмектит,diosmectite,brand
діосмін,diosmin,brand
діофлан,dioflan,brand
дісгрен,disgren,brand
дісізет,dsz,brand
діуремід,diuremid,brand
діурол,diurol,brand
діутор,diutor,brand
діфенда,difenda,brand
діфосфоцин,difosfocin,brand
діємоно,diemono,brand
евкабал,eucabal,brand
евкаспрей,eucaspray,brand
евколек,eucolec,brand
евра,evra,brand
евризам,evrizam,brand
еврісді,evrysdi,brand
евінопон,evinopon,brand
еглоніл,eglonyl,brand
еголанза,egolanza,brand
егілок,egilok,brand
егістрозол,egistrozol,brand
едарбі,edarbi,brand
едарбіклор,edarbyclor,brand
едем,edem,brand
едицин,edicin,brand
едоксакорд,edoksakord,brand
езантал,ezantal,brand
езатро,ezatro,brand
езолонг 20,ezolong,brand
езолонг 40,ezolong,brand
езомер,ezomer,brand
езонекса,esonexa,brand
езопрам,esopram,brand
езорма,esorma,brand
екватор,ekvator,brand
екземарин,eksemarin,brand
екземевіста,exemevista,brand
екземестан дженефарм,exemestane,brand
екзиста,exista,brand
екзифін,exifine,brand
екзолік,exolik,brand
екзік,exik,brand
екобіол,ekobiol,brand
екодакс,ecodax,brand
екоксинал,ecoxynal,brand
ексипенем,exipenem,brand
ексипім,exipime,brand
екстенцеф,extencef,brand
екстраніл,extraneal,brand
екстратерм,extratherm,brand
ексіб,etoricoxib,brand
ексіджад,exjade,brand
ектерицид,ectericid,brand
ектобріс,ectobreath,brand
елегіус,elehius,brand
елекасол,elecasolum,brand
елелісо,eleliso,brand
елеутерокок,eleutherococcus,brand
елкоцин,elkotsin,brand
елоком,elocom,brand
елоксатин,eloxatine,brand
елонва,elonva,brand
елфунат,elfunat,brand
ельдеприл,eldepryl,brand
ельптан,elptan,brand
ельтромбопаг,eltrombopag,brand
елігард,eligard,brand
елідел,elidel,brand
елізіум,elizium,brand
еліквіс,eliquis,brand
емавейл,emaveyl,brand
еманера,emanera,brand
емаплаг,emaplag,brand
емегест,emegest,brand
еменд,emend,brand
емесет,ondansetron,brand
еметон,emeton,brand
емла,lidocaine prilocaine,brand
емла-пластир,lidocaine prilocaine,brand
емлодин,amlodipine,brand
емоксипін,emoxypinum,brand
емотон,emoton,brand
емсеф,emceph,brand
емсеф 1000,emcef,brand
емфетал,emfetal,brand
еналаприл,enalapril,brand
еналозид,enalozid,brand
енап,enap,brand
енат,enat,brand
енат 400,enat,brand
енбрел,enbrel,brand
енварсус,envarsus,brand
енгістол,engystol,brand
енгістол інєкцій,engystol,brand
ендоксан,endoxan,brand
ендомар,endomar,brand
ендометрин,endometrin,brand
ендометріон,endometrion,brand
ендофальк,endofalk,brand
ендофарм,endofarm,brand
енеас,eneas,brand
енеріон,enerion,brand
ензимет,enzymet,brand
ензимтал,enzymtal,brand
ензистал,enzystal,brand
ентекавір,entecavir,brand
ентерожерміна,enterogermina,brand
ентеролакс,enterolax,brand
ентеросмектит,enterosmektit,brand
ентероспазміл,enterospasmyl,brand
ентивіо,entivio,brand
ентобан,entoban,brand
енуран,enuran,brand
епайдра,apidra,brand
еплепрес,eplepres,brand
еплетор,epletor,brand
епобіокрин,epobiocrinum,brand
епракад,eprakad,brand
епігаба,epigaba,brand
епігалін,epigalin,brand
епілептал,epileptal,brand
епіпен,epipen,brand
"епірубіцин ""ебеве""",epirubicin,brand
ербісол,erbisol,brand
ербітукс,erbitux,brand
ергокальциферол,ergocalciferol,brand
ергос,ergos,brand
ергоферон,ergoferon,brand
ергоцетал,ergocetal,brand
еребра,erebra,brand
еритроміцин,erythromycin,brand
ермуцин,ermucin,brand
ерміталь,ermital,brand
ероксія,eroxia,brand
еросил,erosil,brand
еротекс,erotex,brand
еротон,eroton,brand
ерідез,eridez,brand
ерідон,eridon,brand
еріус,aerius,brand
есберітокс,esberitox,brand
есбуларді,esbulardi,brand
есзол,eszol,brand
ескапел,escapelle,brand
ескувен,escuven,brand
ескувіт,eskuvit,brand
еслотин,eslotin,brand
есмерон,esmeron,brand
есмія,esmya,brand
есозол,esozol,brand
еспераль,esperal,brand
еспол,aespolum,brand
еспумізан,espumisan,brand
еспіро,espiro,brand
ессобел,essobel,brand
естрамон 50,estramon,brand
естрожель,oestrogel,brand
есфатил,aesphatil,brand
есциталопрам,escitalopram,brand
есцитам,escitam,brand
етамбутол,ethambutol,brand
етамзилат,etamsylate,brand
етанол 70,ethanol,brand
етанол 96,ethanol,brand
етацид,etacid,brand
етацизин,ethacizin,brand
етилосепт,ethylosept,brand
етоксисклерол,aethoxysklerol,brand
етоній,aethonium,brand
"етопозид ""ебеве""",etoposid,brand
етора,etoricoxib,brand
еторикоксиб,etoricoxib,brand
еторикоксиб віста,etoricoxib,brand
еторіакс,etoricoxib,brand
етрузил,etruzil,brand
етріал,etrial,brand
етсет,atsat,brand
еупатілекс,eupatilex,brand
еутирокс,euthyrox,brand
еуфілін,euphyllin,brand
ефiра,efira,brand
ефералган,efferalgan,brand
еферокс,eferox,brand
ефлоран,efloran,brand
ефмерин,efmerin,brand
ефстат,efstat,brand
еффезел,effezel,brand
ехінасаль,echinasal,brand
ехінацея,echinacea,brand
жанін,jeanine,brand
жастінда,jastinda,brand
жевтана,jevtana,brand
женьшень,ginseng,brand
жозегуд,zhozegud,brand
заведос,zavedos,brand
завіцефта,zavicefta,brand
загест,zagest,brand
заласта,zalasta,brand
залаїн,zalain,brand
залокс,zalox,brand
залізо,iron,brand
замексен,zamexen,brand
зантак,ranitidine,brand
занідіп,zanidip,brand
зарсіо,zarzio,brand
затрин,zatrin,brand
зафакол,zafacol,brand
зацеф,zacef,brand
зедан,zedan,brand
зелбораф,zelboraf,brand
зелдокс,zeldox,brand
зентел,zentel,brand
зептол,zeptol,brand
зетрон,zetron,brand
зибакс,zibax,brand
зивокс,zyvox,brand
зидена,zydena,brand
зилаксера,zylaxera,brand
зинацеф,zinacef,brand
зинерит,zineryt,brand
зиоміцин,zyomicin,brand
зиромин,ziromin,brand
зитрокс,zitrox,brand
зитроцин,zithrocin,brand
зовіракс,zovirax,brand
зодак,zodac,brand
зокардіс,zocardis,brand
зоксі,zoxy,brand
золадекс,zoladex,brand
золафрен,zolafren,brand
золацид,zolacid,brand
золевіста,zolevista,brand
золендровіста,zolendrovista,brand
золеум,zoleum,brand
золмігрен,zolmigren,brand
золопент,zolopant,brand
золофт,zoloft,brand
золта,zolta,brand
золтеро,zoltero,brand
зомактон,somakton,brand
зомета,zometa,brand
зонік,zonik,brand
зопіклон,zopiclone,brand
зоресан,zoresan,brand
зотек 200,zotek,brand
зотек 300,zotek,brand
зотек 400,zotek,brand
зофетрон,zofetron,brand
зікалор,zykalor,brand
зіналфат помякшуючий і відновлюючий крем,zinalfat,brand
зіннат,zinnat,brand
зіпелор,zipelor,brand
зірабев,bevacizumab,brand
зірка,star,brand
ибупрофен,ibuprofen,brand
ипигрикс,ipigriks,brand
йогексол віста,iohexol,brand
йогурт,yogurt,brand
йод,iodum,brand
йодадін,iodadine,brand
йоддицерин,ioddicerinum,brand
йодиксанол,iodixanol,brand
йодомарин,jodomarin,brand
йодофол,yodofol,brand
йодіксол,iodixol,brand
йокель,yokel,brand
йоностерил,jonosteril,brand
йосен,iosen,brand
каберлін,caberlin,brand
кабометикс,cabometyx,brand
кавінтон,cavinton,brand
кадван,kadvan,brand
кадсіла,kadcyla,brand
кадует,caduet,brand
калган,kalgan,brand
калквенс,calquence,brand
калмавіс,calmavis,brand
кальдіум,kaldyum,brand
кальцеос,calceos,brand
кальцикер,calcicare,brand
"кальціумфолінат ""ебеве""",calciumfolinat,brand
каметон,cametonum,brand
камфомен,camphomen,brand
камірен,kamiren,brand
канабісон,canabison,brand
канавіт,kanavit,brand
канаміцин,kanamycin,brand
кангавітес,kangavites,brand
кандесар,candesar,brand
кандибіотик,candibiotic,brand
кандид,clotrimazole,brand
кандівак,candivac,brand
кандівор,candivor,brand
кандід,candid,brand
кандідерм,candiderm,brand
канеспор,canespor,brand
канестен,canesten,brand
кансидаз,cancidas,brand
кантаб,cantab,brand
капевіста,kapevista,brand
капецибекс 500,capecibex,brand
капецитабін,capecitabinum,brand
капотіазид,capotiazide,brand
капсикам,capsicam,brand
капсиол,capsiol,brand
капсумен,capsumen,brand
каптоприл,captoprilum,brand
капікор,capicor,brand
карбамазепін,carbamazepine,brand
карбарутин,carbarutin,brand
карбетоцин,carbetocinum,brand
карбоактив,carboactiv,brand
карбопа,carbopa,brand
карбоплатін,carboplatinum,brand
карведилол,carvedilolum,brand
карвеліс,carvelis,brand
карвидекс,carvidex,brand
кардиприл,cardipril,brand
кардонат,cardonat,brand
кардосал,cardosal,brand
кардуктал,carductal,brand
кардура,cardura,brand
кардіовіол,kardioviol,brand
кардіолін,cardiolin,brand
кардіомагніл,cardiomagnyl,brand
кардіонова,cardionova,brand
кардіосед,cardiosed,brand
кардіофіт,cardiophit,brand
кардісейв,cardisave,brand
кардісейв 150,kardiseyv,brand
карлів,karliv,brand
карметадин,carmetadin,brand
карнівіт,carnivit,brand
карсил,carsil,brand
картан,cartan,brand
карізон,carizon,brand
касарк,casark,brand
касодекс,casodex,brand
катаксол,cataxol,brand
катарія,cataria,brand
квадевіт,quadevit,brand
квадроцеф,quadrocef,brand
квайт,quiet,brand
квамател,quamatel,brand
кванадекс,kvanadex,brand
кваніл,quanil,brand
кваттрекс,quattrex,brand
квентіакс,quentiax,brand
квертин,quertin,brand
кверцетин,quercetinum,brand
кветирон,quetiron,brand
кветіпін,quetipinum,brand
кедол,kedol,brand
кейвер,keywer,brand
кейдекс,keydex,brand
келотан,kelotan,brand
келп,kelp,brand
келтікан,keltican,brand
кеналог 40,kenalog,brand
кенгрексал,kengrexal,brand
кеппра,keppra,brand
кераворт,keravort,brand
кетальгін,ketalgin,brand
кетамін,ketaminum,brand
кетанов,ketanov,brand
кетанікс,cetanix,brand
кетилепт,ketilept,brand
кетодекса,ketodexa,brand
кетодін,ketodin,brand
кетолак,ketolak,brand
кеторол,ketorol,brand
кеторолак,ketorolac,brand
кеторолак лубнифарм,ketorolac,brand
кетостерил,ketosteril,brand
кетотифен,ketotifenum,brand
кефпім,kefpim,brand
клабел 500,clabel,brand
клавам,clavam,brand
клайра,qlaira,brand
кларитин,claritine,brand
кларитроміцин,clarithromycin,brand
класт,klast,brand
клатінол,klatinol,brand
клаудіекс,claudiex,brand
клацид,klacid,brand
клебутам,clebutam,brand
клеверол,cleverol,brand
клексан,clexane,brand
клексан 300,clexane,brand
клеримед 500,klerimed,brand
климона,klimona,brand
клобескін,clobeskine,brand
кловаск,clovask,brand
клопідогрель,clopidogrelum,brand
клопіксол,clopixol,brand
клосарт,klosart,brand
клостилбегіт,clostilbegyt,brand
клотрекс,clotrex,brand
клотримазол,clotrimazolum,brand
клофелін,clophelinum,brand
клофраніл,clofranil,brand
клєвазол,klevasol,brand
клівас,clivas,brand
клімадинон,klimadynon,brand
клімактоплан,klimaktoplan,brand
клімапін,climapin,brand
клімедикс,climedix,brand
клімен,climen,brand
клімонорм,klimonorm,brand
кліорон,klioron,brand
кліфе,cliffe,brand
коакт,coact,brand
ковіфлу,coviflu,brand
когнум,cognum,brand
когніфен,kogniphen,brand
когівіс,cogivis,brand
кодепсин,codepsin,brand
кодетерп,codeterp,brand
кокарбоксилази гідрохлорид,cocarboxylase,brand
кокарніт,cocarnit,brand
кококсиб,etoricoxib,brand
колдфлю,coldflu,brand
коледан,coledan,brand
коледан 1000,koledan,brand
коледан 2000,koledan,brand
коледан 5000,koledan,brand
колонзак,colonzak,brand
колпосептин,colposeptine,brand
колпотрофін,colpotrophine,brand
колікід,collickid,brand
колістин,colistin,brand
колістин зентіва,colistin,brand
комбіган,combigan,brand
комбігрип,combigrip,brand
комбісарт,combisart,brand
комбіспазм,combispasm,brand
комплевіт,complevit,brand
конверіум,converium,brand
конвулекс,convulex,brand
конегра,conegra,brand
конкор,concor,brand
контрактубекс,contractubex,brand
контривен,contriven,brand
контролфлекс,controlflex,brand
конфундус,confundus,brand
концерта,concerta,brand
копаксон 40,copaxone,brand
копацил,copacyl,brand
коплавікс,coplavix,brand
кораксан,coraxan,brand
корвазан,corvasan,brand
корвалазид,corvalazid,brand
корвалдин,corvaldinum,brand
корвалкапс,corvalcaps,brand
корвалмент,corvalment,brand
корвалол,corvalol,brand
корвалтаб,corvaltab,brand
корвітин,corvitin,brand
корвітол,corvitol,brand
корглікон,corglyconum,brand
кордарон,cordarone,brand
кордипін,cordipin,brand
кордоктор,cordoctor,brand
коризалія,coryzalia,brand
коринфар,corinfar,brand
корнерегель,corneregel,brand
коронал,coronal,brand
кортидерм,cortiderm,brand
кортінефф,cortineff,brand
коріол,coryol,brand
косопт,cosopt,brand
котелік,kotellik,brand
кофальгін,cofalginum,brand
кофекс,cofex,brand
коцитаф,cytarabine,brand
кралонін,cralonin,brand
крампаліка,crampalika,brand
кратал,cratal,brand
креазим,kreasim,brand
кремген,kremgen,brand
креон,kreon,brand
крестор,crestor,brand
кринон,crinon,brand
кроксен,croxene,brand
ксаврон,xavron,brand
ксалатан,xalatan,brand
ксалкорі,xalkori,brand
ксалоптик,xaloptic,brand
ксалтофай,xultophy,brand
ксантем,xanten,brand
ксарелто,xarelto,brand
кселода,xeloda,brand
ксельянз,kselyanz,brand
ксенікал,xenical,brand
ксеомін,xeomin,brand
ксепліон,xeplion,brand
ксефокам,xefocam,brand
ксилазол,ylazol,brand
ксипогама,xipagamma,brand
ксолар,xolair,brand
ксофлуза,csoflusa,brand
кстанді,xtandi,brand
куленто,culento,brand
куплатон,cuplaton,brand
купреніл,cuprenyl,brand
куросурф,curosurf,brand
кустодіол,custodiol,brand
кутівейт,cutivate,brand
кімацеф,kimacef,brand
кіпрада,keeprada,brand
кіскалі,kisqali,brand
кітруда,keytruda,brand
лабіум,labium,brand
лаваксон,lavaxon,brand
лаен,laen,brand
лазея,lasea,brand
лазикс,lasix,brand
лазин,lazin,brand
лазолван,ambroxol,brand
лазолекс,lasolex,brand
лазорин,lasorin,brand
лайфемін,lifemin,brand
лаклін,laclean,brand
лакозам,lacosam,brand
лаксерс,laxers,brand
лактакол,lactacol,brand
лактомун,lactomun,brand
лактофарм,lactofarm,brand
лактувіт,lactuvit,brand
лактулоза,lactulose,brand
лактунорм,lactunorm,brand
лактіол,lactiol,brand
ламал,lamal,brand
ламотрин,lamotrin,brand
ламівудин,lamivudine,brand
ламідерм,lamiderm,brand
ламізил,lamisil,brand
ламікон,lamicon,brand
ламіктал,lamictal,brand
ламітор,lamitor,brand
ламітрил,lamitril,brand
ламіфен,lamifen,brand
ланвіс,lanvis,brand
лангена,langena,brand
лангес,langes,brand
ланза,lanza,brand
ланотан,lanotan,brand
лансопрол,lansoprol,brand
лансурф,lonsurf,brand
ланцерол,lancerol,brand
ланістор,lanistor,brand
лапронекст,lapronext,brand
ларитилен,larytylen,brand
ларнамін,larnamin,brand
ларфікс,larfix,brand
латамед,latamed,brand
латанокс,latanox,brand
латасопт,latasopt,brand
латрен,latren,brand
лаферомакс,laferomax,brand
лацеран,laceran,brand
лацидоентер,lacidoenter,brand
лацидофіл,lacidofil,brand
лаціум,lacium,brand
лебел,lebel,brand
леваксела,levaxela,brand
левасепт,levasept,brand
левеніум,levenium,brand
леветирацетам,levetiracetam,brand
левзірін,levzirin,brand
левоаар,levoaar,brand
леводопа,levodopa,brand
левоком,levocom,brand
левоксимед,levoximed,brand
левокілз,levokilz,brand
леволет,levolet,brand
леволім,levolim,brand
левомак,levomac,brand
левомеколь,laevomecolum,brand
левомін 30,levomin,brand
левоміцетин,laevomycetinum,brand
левонекст,levonext,brand
левопа,levodopa,brand
левопро,levopro,brand
левосетил,levosetil,brand
левосин,levosin,brand
левостад,levostad,brand
левотироксин,levothyroxine,brand
левотрен,levotren,brand
левофлоксацин,levofloxacin,inn
левофлоцин,levoflocin,brand
левофтор,levoftor,brand
левінор,levinor,brand
левіцитам,levicitam,brand
легалон,legalon,brand
легколакс,legkolax,brand
лейкеран,leukeran,brand
лекарніта,lecarnita,brand
лекролін,lecrolyn,brand
леналідомід,lenalidomid,brand
лензетто,lenzetto,brand
лергесан,lergesun,brand
леркамен,lercamen,brand
лерканія,lercania,brand
леспефрил,lespefril,brand
лесфаль,lesfal,brand
летеро,letero,brand
летрам,letram,brand
летровіста,letrovista,brand
летродей,letroday,brand
лефлок,leflock,brand
лефлокад,leflokad,brand
лефлоцин,leflocin,brand
лефлютаб,leflutab,brand
лефно,lefno,brand
лецитин,lecithin,brand
линезолид,linezolid,brand
логест,logest,brand
логуфен,logufen,brand
лодиксем,lodixem,brand
лозап,lozap,brand
локоген,locogen,brand
локоїд,locoid,brand
локрен,lokren,brand
локсидол,loxidol,brand
локсимін,loximin,brand
локсоф,loxof,brand
ломфлокс,lomflox,brand
лонгокаїн,longocain,brand
лопедіум,lopedium,brand
лоперамид,loperamide,brand
лоперамід,loperamidum,brand
лоперамід здоровя,loperamide,brand
лопракс,loprax,brand
лоразидим,lorazidime,brand
лораксим,loraxime,brand
лорангін,lorangin,brand
лорано,lorano,brand
лорасейв,loraseiv,brand
лоратадин,loratadin,brand
лоратадин лх,loratadine,brand
лордес,lordes,brand
лорект,lorect,brand
лоризан,lorizan,brand
лорнадо,lornado,brand
лоролік,lorolik,brand
лоросан,lorosan,brand
лоріста,lorista,brand
лоспирин,lowspirin,brand
лотар,lotar,brand
лотарді 500,lotardy,brand
лотемакс,lotemax,brand
лотеп,lotep,brand
лофлатіл,loflatil,brand
лукаст,lucast,brand
луміган,lumigan,brand
луцентіс,lucentis,brand
луцетам,lucetam,brand
люголь,lugol,brand
люгс,lugs,brand
людіоміл,ludiomil,brand
лютезан,lutezan,brand
люфі 500,lufi,brand
лєтромара,letromara,brand
ліастен,liastenum,brand
лібера,libera,brand
лібератті,liberatti,brand
лібра,libra,brand
лівазо,livazo,brand
ліварол,livarol,brand
лівел,livel,brand
лівертон,liverton,brand
ліводінол,livodinol,brand
лівостор,livostor,brand
лігато,lygato,brand
лізак,lizak,brand
лізиноприл,lisinopril,brand
лізолід 600,lizolid,brand
лізомак 600,lizomac,brand
лізопрес 10,lisopres,brand
лізопрес 20,lisopres,brand
ліквестія,liquestia,brand
ліксарит,lixarit,brand
ліменда,limenda,brand
лімзер,limzer,brand
лімфоміозот,lymphomyosot,brand
лімістін,limistin,brand
лінбаг,linbag,brand
ліндинет 20,lindynette,brand
ліндинет 30,lindynette,brand
лінебіотик,linebiotic,brand
лінезолід новофарм,linezolid,brand
лінезолідин,linezolidin,brand
лінекс,linex,brand
лінелід,linelid,brand
лінесса,linessa,brand
лінкас,linkus,brand
лінкоміцин,lincomycin,brand
лінкоцин,lincocin,brand
лінозид,linozidum,brand
лінотор,linotor,brand
лінпарза,lynparza,brand
ліогель 1000,liogel,brand
ліотромб,liotromb,brand
ліпобон,lipobon,brand
ліпоктан,lipoctan,brand
ліпотіон,lipotion,brand
ліпофарм,lipopharm,brand
ліпразид,liprazidum,brand
ліприл,liprilum,brand
ліпримар,liprimar,brand
ліпстер,lipster,brand
ліпітор,atorvastatin,brand
ліра,lira,brand
лірам,liram,brand
лірика,lyrica,brand
лісобакт,lysobact,brand
літак,litak,brand
маалокс,maalox,brand
мабтера,mabthera,brand
магнель,magnel,brand
магнесид,magnesid,brand
магній,magnesium,brand
магнікор,magnicor,brand
магнікум,magnicum,brand
магурол,magurol,brand
мадопар,madopar,brand
мадінет,madinet,brand
майлотарг,maylotarg,brand
макпенем,makpenem,brand
макропен,macropen,brand
максгалін,maxgalin,brand
максгістин,maxhistinum,brand
максидекс,maxidex,brand
макситрол,maxitrol,brand
максігра,maxigra,brand
максісорб,maxisorb,brand
максіцин,maxicin,brand
мальтофер,maltofer,brand
маммодол,mammodol,brand
маммодол крем,mammodol,brand
мамолакт,mamolact,brand
мануро,manuro,brand
манініл,maninil,brand
манініл 5,maninil,brand
марвелон,marvelon,brand
мардозія,mardozia,brand
маример,marimer,brand
маркаїн,marcaine,brand
мастикозин,masticosin,brand
мастодинон,mastodynon,brand
материнка,oregano,brand
мебеверин,mebeverine,brand
меверин,meverine,brand
мегестрол,megestrol,brand
медакса,medaxa,brand
медаксон,medaxon,brand
медацет 1000,medacet,brand
медексол,medexol,brand
медетром,medetrom,brand
медиксикам,medixicam,brand
медобіотин,medobiotin,brand
медогрель,medogrel,brand
медогістин,medogistin,brand
медокардил,medocardil,brand
медоклав,medoclav,brand
медопенем,medopenem,brand
медопрам,medopram,brand
медотилін,medotilin,brand
медоцеф,medocef,brand
медрол,medrol,brand
медулак,medulac,brand
медіаторн,mediatorn,brand
медітан,meditan,brand
мезакар,mezacar,brand
мезанекст,mezanext,brand
мезим,pancreatin,brand
мезодерм,mesoderm,brand
мексаритм,mexaritm,brand
мексидол,emoxypine,brand
мексикор,mexicor,brand
мексиприм,mexiprim,brand
мекініст,mecinist,brand
меладіва,meladiva,brand
мелатонін,melatonin,brand
мелбек,melbek,brand
мелокс,melox,brand
мелоксик,meloxic,brand
мелоксикам,meloxicam,brand
мелпамід,glimepiride,brand
мелсі,melsi,brand
мельдоній,meldoniumpharmland,brand
мельдоній,meldonium,inn
мельдін,meldine,brand
меліпрамін,melipramin,brand
мелітор,melitor,brand
мема,mema,brand
мемамед,memamed,brand
мембрал,membral,brand
мемокор,memokor,brand
мемокс,memox,brand
мемолонгін,memolongin,brand
мемоплант,memoplant,brand
меморин,memorin,brand
меморія,memoria,brand
мемостім,memostim,brand
мемтек,memtec,brand
меновазан,menovasan,brand
меновазин,menovasinum,brand
меновален,menovalen,brand
менопейс,menopace,brand
менопур,menopur,brand
меностоп,menostop,brand
мепенам,mepenam,brand
мераліс,meralys,brand
мерапін,merapin,brand
мератин,meratin,brand
меркурід,mercurid,brand
меробак,merobak,brand
меробоцид,merobocid,brand
мерограм,merogram,brand
меронем,meronem,brand
меропенем,meropenemum,brand
меропенем ананта,meropenem,brand
мерсіл,mersil,brand
мертеніл,mertenil,brand
меріжен,merigen,brand
месакол,mesakol,brand
месалазин,mesalazine,brand
месна,mesnum,brand
метакос,metakos,brand
металізе,metalyse,brand
метамакс,metamax,brand
метамізол,metamizole,brand
метамін,metamin,brand
метафора,metaphora,brand
метеоспазміл,meteospasmyl,brand
метизолон,metizolone,brand
метилергобревін,methylergobrevin,brand
метилурацил,methyluracilum,brand
метипред,metypred,brand
метовітан,metovitan,brand
методжект,metoject,brand
метонат,metonat,brand
метопролол,metoprololum,brand
метотаб,metotab,brand
"метотрексат ""ебеве""",methotrexat,brand
метресса,metressa,brand
метролавін,metrolavin,brand
метфогама 1000,metfogamma,brand
метфогама 500,metfogamma,brand
метфогама 850,metfogamma,brand
метіда,metida,brand
метіонін,methioninum,brand
мефенамінка,mefenaminka,brand
мефенат,mefenat,brand
миродекс,mirodex,brand
миросибан,mirosiban,brand
мирцера,mircera,brand
мкц,mkc,brand
мовалгін,movalgin,brand
моваліс,movalis,brand
мовеспазм,movespasm,brand
мовипреп,moviprep,brand
мовіназа,movinaza,brand
могинин,moginin,brand
мозгактив,mozgactiv,brand
моксанацін,moxifloxacin,brand
моксетеро,moksetero,brand
моксивар,moxivar,brand
моксикум,moxicum,brand
моксимак,moximak,brand
моксин,moxifloxacin,brand
моксифлоксацин,moxifloxacin,brand
моксифлоксацин віста,moxifloxacin,brand
моксифлоксацин дарниця,moxifloxacin,brand
моксифлоксацин тева,moxifloxacin,brand
моксифлоксацин фармекс,moxifloxacin,brand
моксогама,moxogamma,brand
моксопрес,moxopres,brand
моксотенс,moxonidine,brand
молескін,moleskin,brand
молсікор,molsicor,brand
мометазон,mometasone,brand
моміксон,momixon,brand
монафокс,monafox,brand
мондекс,mondex,brand
мононітросид,mononitrosid,brand
монопрост,monoprost,brand
моносан,monosan,brand
монсетин,monsetin,brand
монтеген,montegen,brand
монтел,montel,brand
монтелукаст,montelukast,brand
монтемак 10,montemak,brand
монтулар,montular,brand
монурал,monural,brand
морсол,morsol,brand
мотилігас,motiligas,brand
мотиліум,motilium,brand
мотоприд,motoprid,brand
моторикс,motorix,brand
моторикум,motorikum,brand
мофлакса,moflaxa,brand
мукалтин,mucaltin,brand
мукалітан,mucalitan,brand
муколтейка,mucolteyka,brand
муколік,mucolik,brand
мукосол,mucosol,brand
мукотек,mucotek,brand
мультак,multaq,brand
мулімен,mulimen,brand
мумійо,mumiyo,brand
муцитус,mucitus,brand
мята перцева,peppermint,brand
мятні,mint,brand
міалдекс,mialdex,brand
мідазолам,midazolam,brand
мідзо,meedzo,brand
мідокалм,mydocalm,brand
мідрімакс,midrimax,brand
мідіана,midiana,brand
мізопростол,misoprostol,brand
мізостол,mizostol,brand
мікаліоф,micaliof,brand
мікамін,mycamine,brand
мікардис,micardis,brand
мікардисплюс,micardisplus,brand
мікогель,micogel,brand
мікокс,micox,brand
мікоп,mycope,brand
мікофін,mycofin,brand
мікролакс,microlax,brand
мілагін,milagin,brand
міланда,milanda,brand
мілдронат 250,mildronate,brand
мілдронат 500,mildronate,brand
мілукант,milukante,brand
мільгама,milgamma,brand
міліксол,milixol,brand
мінтегра,mintegra,brand
міоксель,mioxel,brand
міолокард,miolocard,brand
міорикс,myorix,brand
міофолік,myophilic,brand
міраксол,miraxol,brand
мірамідез,myramydez,brand
мірамістин,myramistinum,brand
мірапекс,mirapex,brand
мірена,mirena,brand
мірин,myrin,brand
містол,mistol,brand
"мітоксантрон ""ебеве""",mitoxantron,brand
мітрен,mitren,brand
мітрозид,mitrozid,brand
міфенакс,myfenax,brand
міфепристон,mifepristone,brand
міфетон,mifeton,brand
мієлофан,mielofan,brand
навела,navela,brand
навірел,navirel,brand
наглазим,naglazyme,brand
нагідки,calendula,brand
назалонг,nasalong,brand
назол,nazol,brand
назонекс,nasonex,brand
назонол,nazonol,brand
назофан,nasofan,brand
назоферон,nazoferon,brand
найз,nise,brand
найзилат,niselat,brand
наклофен,naklofen,brand
наком,nakom,brand
налбаксон,nalbaxon,brand
налбуфін,nalbuphine,brand
налбуфін мікрохім,nalbuphin,brand
налгезін,nalgesin,brand
налігезін,naproxen,brand
напроксен,naproxen,brand
напрофф,naproff,brand
нардін,nardin,brand
наропін,naropin,brand
натубіотин,natubiotin,brand
натфлу,natflu,brand
наусиліум,nausilium,brand
нафтидерил,naftideril,brand
нафтизин,naphtizin,brand
нафтифін,naftifinum,brand
небутамол,nebutamol,brand
небіар,nebiar,brand
небівал,nebival,brand
небіворлд,nebiborld,brand
небідо,nebido,brand
небілет,nebilet,brand
небімак,nebimac,brand
небітенз,nebitens,brand
неванак,nevanac,brand
невралон,nevralon,brand
невролек,nevrolek,brand
незолід,nezolid,brand
нейракорд,neyracord,brand
нейралгін,neuralgin,brand
нейробіон,neurobion,brand
нейровітан,neurovitan,brand
нейродар,neurodar,brand
нейродикловіт,neurodiclovit,brand
нейродоктор,neurodoctor,brand
нейроклін,neuroclean,brand
нейрокобал,neurocobal,brand
нейроксон,neuroxon,brand
нейромагніл,neuromagnil,brand
нейромультивіт,neuromultivit,brand
нейромідин,neiromidinum,brand
нейронтін,neurontin,brand
нейропеа,neuropea,brand
нейроплант,neuroplant,brand
нейроплацід,neuroplacid,brand
нейрорубін,neurorubine,brand
нейротилін,neirotilin,brand
нейроцитин,neirocetin,brand
нейрістон,neuriston,brand
нексавар,nexavar,brand
нексетин,nexetin,brand
некспро,nexpro,brand
нексіум,nexium,brand
неладекс,neladex,brand
немотан,nemotan,brand
неміал,nemial,brand
неовітам,neovitam,brand
неогабін,neogabin,brand
неокардил,neokardil,brand
неомідантан,neomidantan,brand
неопакс,neopax,brand
неоспастил,neospastil,brand
неотон,neoton,brand
неотранекс,neotranex,brand
неотризол,neotrizole,brand
неофлорум,neoflorum,brand
неофілін,neofilin,brand
неоцеброн,neocebron,brand
нервонорм,nervonorm,brand
нервохеель,nervoheel,brand
нефальжик,nefalgic,brand
нефам,nefam,brand
нефопам,nefopam,brand
нефродол,nefrodol,brand
нефрокапс,nefrocaps,brand
нефрокеа,nephrocare,brand
нефротект,nefrotect,brand
нифуроксазид,nifuroxazide,brand
нифуроксазид здоровя,nifuroxazide,brand
но шпа,drotaverine,brand
но шпа форте,drotaverine,brand
новагра,novagra,brand
новагра 100,novagra,brand
новагра 50,novagra,brand
новаксон,novaxon,brand
новаринг,nuvaring,brand
новокарнітин,novocarnitin,brand
новокаїн,novocainum,brand
новокс,novox,brand
новоксикам,novoxicam,brand
новонорм,novonorm,brand
новопарин,novoparin,brand
новопульмон,budesonide,brand
новосевен,novoseven,brand
новостезин,novostezin,brand
новіган,novigan,brand
новінет,novynette,brand
новірин,novirin,brand
нокамен,nokamen,brand
ноксафіл,noxafil,brand
ноксон,nokson,brand
нокспрей,noxprey,brand
ноотрофен,nootrophen,brand
ноофен,noophen,brand
ноохолін,noocholin,brand
норбактин,norbactin,brand
норваск,amlodipine,brand
норколут,norcolut,brand
нормагут,normagut,brand
нормазе,normase,brand
нормакс,normax,brand
нормасон,normason,brand
норматенс,normatens,brand
норматин,normatin,brand
нормафілінг,normafeeling,brand
нормовен,normoven,brand
нормовен 1000,normoven,brand
нормодипін,normodipin,brand
нормолакт,normolact,brand
нормопрес,normopres,brand
норфепім,norfepim,brand
норфлоксацин,norfloxacinum,brand
нотта,notta,brand
ношпа,drotaverine,brand
нувіджил,nuvigil,brand
нувік,nuwiq,brand
нуклекс,nuclex,brand
нуклецерт,nuclecert,brand
нурофен,ibuprofen,brand
нурофен експрес,ibuprofen,brand
нурофен форте,ibuprofen,brand
нурофєн,nurofen,brand
ньюрексан,neurexan,brand
ньюропентин,newropentin,brand
нівалін,nivalin,brand
нівестім,nivestim,brand
нігісем,nigisem,brand
нікардипін,nicardipine,brand
нікомекс,nicomex,brand
нікорель,nicorel,brand
нікоретте,nicorette,brand
ніксар,nixar,brand
німедар,nimedar,brand
німелган,nimelgan,brand
німесил,nimesil,brand
німесулід,nimesulide,brand
німодипін натів,nimodipinum,brand
німотоп,nimotop,brand
німід,nimid,brand
ністатин,nystatin,brand
нітопін,nitopin,brand
нітресан,nitresan,brand
нітрогліцерин сублінгвальні,nitroglycerin,brand
нітрогранулонг,nitrogranulong,brand
нітроксолін,nitroxolinum,brand
нітромінт,nitromint,brand
нітросорбід,nitrosorbidum,brand
нітрофунгін,nitrofungin,brand
ніфедипін,nifedipine,brand
ніфекаїн,nifecain,brand
ніфуроксазид,nifuroxazide,brand
ніцеромакс,niceromax,brand
обаджіо,aubagio,brand
оверін,overin,brand
овестин,ovestin,brand
огранія,ogrania,brand
ожестан,ozhestan,brand
озалекс,ozalex,brand
озелар,ozelar,brand
озельтамівір,oseltamivir,brand
озерлік,ozerlyk,brand
озурдекс,ozurdex,brand
озіклід,oziklid,brand
оковіт,okovit,brand
окомікс,okomix,brand
окомістин,okomistyn,brand
окоферон,ocoferonum,brand
окревус,ocrevus,brand
оксалак,oxalac,brand
оксаліплатин,oxaliplatin,brand
"оксаліплатин ""ебеве""",oxaliplatin,brand
оксаліплатин aap,oxaliplatin,brand
оксапін,oxapin,brand
оксилік,oxylyc,brand
оксилітен,oxiliten,brand
оксиметазолін,oxymetazoline,brand
окситоцин,oxytocin,brand
октагам,octagam,brand
октанат,octanate,brand
октра,octra,brand
окулохеель,oculoheel,brand
олазоль,olasolum,brand
олатропіл,olatropil,brand
олефар,olefar,brand
олопатадин,olopatadine,brand
олсапрес,olsapres,brand
олтар,oltar,brand
олфен,olfen,brand
олфрекс,olfrex,brand
олідетрим,olidetrim,brand
олідетрим 4000,olidetrim,brand
омакор,omacor,brand
омега 3,omega,brand
омез,omez,brand
оменакс,omenax,brand
омепразол,omeprazole,brand
омепразол астра,omeprazole,brand
омзол,omzol,brand
омлос,omlos,brand
омнадрен 250,omnadren,brand
омнік,omnic,brand
омніпак,omnipaque,brand
омнітроп,omnitrope,brand
омніум,omnium,brand
омніфер,omnifer,brand
омікс,omix,brand
онабет,onabet,brand
онгліза,onglyza,brand
ондансет,ondanset,brand
ондансетрон,ondansetron,brand
онеклапз,oneklapz,brand
онкаспар,oncaspar,brand
оноріо,onorio,brand
онтазен 1000,ontazen,brand
оніхелп,onyhelp,brand
опатанол,opatanol,brand
опефера,opefera,brand
оптикс,optix,brand
оптицеф,opticef,brand
оптілакт,optilact,brand
оптін,optin,brand
опіпрам,opipram,brand
орадро,oradro,brand
орасепт,orasept,brand
орвіфлазід,orviflazid,brand
оргалутран,orgalutran,brand
оргаметрил,orgametril,brand
оргіл,orgyl,brand
ормакс,ormax,brand
орнігіл,ornigil,brand
орнідазол,ornidazole,brand
орнізол,ornizol,brand
орнімак,ornimac,brand
орністіл,ornistil,brand
ортофен,ortophenum,brand
орунгал,orungal,brand
орцерин,orcerin,brand
орципол,orcipol,brand
осетрон,osetron,brand
остеобіос,osteobios,brand
остеовіт,osteovit,brand
остеогенон,osteogenon,brand
остеокеа,osteocare,brand
остеолон,osteolon,brand
отикс,otix,brand
отинум,otinum,brand
отипакс,otipax,brand
ототон,ototon,brand
отофа,otofa,brand
отофікс,otofix,brand
офев,ofev,brand
офлоксацин,ofloxacinum,brand
офтагель,oftagel,brand
офтаквікс,oftaquix,brand
офтаклін,oftaclean,brand
офтаксантин,ophtaksantin,brand
офталек,oftalek,brand
офталь,ophtal,brand
офтальмодек,oftalmodec,brand
офтамірин,oftamirin,brand
офтассіале,oftassiale,brand
офтимол,ophtimol,brand
офтолік,ophtholique,brand
оцилококцінум,oscillococcinum,brand
пабал,pabal,brand
пагамакс,pagamax,brand
паклівіста,paclivista,brand
паклімедак,paclimedac,brand
паклітаксел,paclitaxelum,brand
"паклітаксел ""ебеве""",paclitaxel,brand
паклітеро,paclitero,brand
пакселадин,paxeladine,brand
паксил,paxil,brand
паксловід,paxlovid,brand
паллада,pallada,brand
памідол,pamidol,brand
паміфос,pamifos,brand
панадол,panadol,brand
панадол бебі,paracetamol,brand
панангін,panangin,brand
пангастро,pangastro,brand
панзинорм 10000,panzynorm,brand
панкреазим 10000,pancreazim,brand
панкреатин,pancreatin,brand
панкреатин 8000,pancreatin,brand
паноцид,panocid,brand
паноцид 40,panocid,brand
пантамак,pantamac,brand
пантасан,pantasun,brand
пантекрем,panthecream,brand
пантенол,panthenol,brand
пантогар,pantogar,brand
пантозол,pantozol,brand
пантокар,pantokar,brand
пантокрин,pantocrinum,brand
пантопраз,pantopraz,brand
пантопразол,pantoprazole,brand
пантор,pantor,brand
панцикор,pancicor,brand
папаверин,papaverin,brand
папалор,papalor,brand
парадін,paradyn,brand
парамол,paramol,brand
параплексін,paraplexin,brand
парафаст,parafast,brand
парацетамол,paracetamol,brand
паркізол,parkisol,brand
пароксетин,paroxetinum,brand
пароксин,paroxin,brand
парсабів,parsabiv,brand
парікальцітол,paricalcitol,brand
парієт,pariet,brand
пасконат,paskonat,brand
пегасіс,pegasys,brand
пегфілграстим,pegfilgrastim,brand
пейона,peyona,brand
пелорсін,pelorsin,brand
пеметрексед,pemetrexedum,brand
пемово,pemovo,brand
пемозар,pemozar,brand
пенестер,penester,brand
пентаксим,pentaxim,brand
пентаса,pentasa,brand
пентасед,pentased,brand
пентилін,pentilin,brand
пентоксифілін,pentoxifylline,brand
пентоксін,pentoxine,brand
пентотрен,pentotren,brand
пенімекс,penimax,brand
пептамен суміш рідка,peptamen,brand
первагор,pervagor,brand
перговеріс,pergoveris,brand
периндоприл,perindoprilum,brand
перитол,peritol,brand
перметрин,permethrinum,brand
пертусин,pertussinum,brand
перфектил,perfectil,brand
перєта,perjeta,brand
періндопрес,perindopres,brand
пецеф,pecef,brand
плавікс,plavix,brand
плагрил,plagril,brand
плазмаліт,plazmalit,brand
плазмовен,plasmoven,brand
плаквеніл,plaquenil,brand
платогріл,platogrel,brand
плестазол,plestazol,brand
плетол,pletol,brand
поверкорт,povercort,brand
повидин,povidin,brand
подафеб,podafeb,brand
полаприл,polapril,brand
полтехнет,poltexnet,brand
полькортолон,polcortolone,brand
полідекса,polydexa,brand
поліжен,polijen,brand
полізанол,polizanol,brand
полімік,polymic,brand
помалідомід,pomalidomid,brand
помпезо,pompezo,brand
порталак,portalak,brand
портоферро,portoferro,brand
постеризан,posterisan,brand
постинор,postinor,brand
потенціале,potentiale,brand
правенор,pravenor,brand
прадакса,pradaxa,brand
празофест,prazofest,brand
прайд,pride,brand
праксбайнд,praxbind,brand
праксіс,praxis,brand
прамілет,pramilet,brand
праміпекс,pramipex,brand
прамістар,pramistar,brand
превентор,preventor,brand
превиміс,prevymis,brand
прегадол,pregadol,brand
прегамма,pregamma,brand
прегнемаг,pregnemag,brand
предизин,predizin,brand
преднізолон,prednisolonum,brand
преднітоп,prednitop,brand
прелокс,prelox,brand
пренелія,prenelia,brand
пренеса,prenesa,brand
препенем,prepenem,brand
препідил,prepidil,brand
пресартан,presartan,brand
престаріум,prestarium,brand
престилол,prestilol,brand
префемін,prefemin,brand
примовіст,primovist,brand
присмасол 2,prismasol,brand
присмасол 4,prismasol,brand
проалор,proalor,brand
провірон,proviron,brand
прогестерон,progesteronum,brand
програф,prograf,brand
прогінова,progynova,brand
продекс,prodex,brand
продексин,prodexyn,brand
продеп,prodep,brand
прожестожель,progestogel,brand
прозак,fluoxetine,brand
прозерин,prozerin,brand
проксетин,proksetin,brand
проксіум,proxium,brand
проктан,proctan,brand
проктозол,proctozol,brand
пролатан,prolatan,brand
пролютекс,prolutex,brand
проліа,prolia,brand
промоцеф,promocef,brand
проноран,pronoran,brand
пропанорм,propanorm,brand
пропес,propesum,brand
пропосол,proposolum,brand
пропротен 100,proproten,brand
просталад,prostalad,brand
простамед,prostamed,brand
простаплант,prostaplant,brand
простатон,prostaton,brand
простатум,prostatum,brand
простід,prostid,brand
проталіс,protalis,brand
протаргол,protargolum,brand
протекон,protechon,brand
протекта,protecta,brand
протопик,protopic,brand
профикор,proficor,brand
профлекс,proflex,brand
пріорикс,priorix,brand
псоріатен,psoriaten,brand
псорікап,psoricap,brand
пульмобріз,pulmobreathe,brand
пульмозим,pulmozyme,brand
пульмолор,pulmolor,brand
пульмікорт,pulmicort,brand
пульмікорт турбухалер,budesonide,brand
пульцет,pulcet,brand
пумпан,pumpan,brand
пурегон,puregon,brand
пустирник,motherwort,brand
піарон,piaron,brand
піаскледин 300,piascledine,brand
піклон,piklon,brand
піковіт,pikovit,brand
піколакс,picolax,brand
піконорм,piconorm,brand
пікопреп,picoprep,brand
пікосен,picosen,brand
пікрей,piqray,brand
пілокарпін,pilocarpin,brand
пімафукорт,pimafucort,brand
пімафуцин,pimafucin,brand
пімекролімус,pimecrolimus,brand
пінап,pinap,brand
піновіт,pinovit,brand
піразинамід,pirazinamid,brand
пірантел,pyrantel,brand
пірацетам,piracetam,brand
піритан,piritan,brand
піроксикам,piroxicam,brand
рабелок,rabeloc,brand
равісол,ravisol,brand
райт,right,brand
рамаг,ramag,brand
рамізес,ramizes,brand
рамімед,ramimed,brand
ранекса,ranexa,brand
раностоп,ranostop,brand
ранселекс,ranselex,brand
ранітидин,ranitidine,brand
раптен,rapten,brand
рапімакс,rapymaks,brand
рапіміг,rapimig,brand
рапінерол,rapinerol,brand
рапіра,rapira,brand
рапіра 600,rapira,brand
рафт,raft,brand
раєном,raenom,brand
реагіла,reagila,brand
ревацио,revatio,brand
реверс,revers,brand
ревмалгин,reumalgin,brand
ревмасол,rheumasol,brand
ревмастоп,rheumastop,brand
ревмоксиб,revmoxib,brand
ревмоксикам,reumoxicam,brand
ревмолітін,rheumolitine,brand
револад,revolade,brand
ревівал,revival,brand
ревіт,revit,brand
ревітакса,revitaxa,brand
регулакс,regulax,brand
регулон,regulon,brand
регідратон,rehydraton,brand
регідрон,rehydron,brand
реддитукс,redditux,brand
редистатин,redistatin,brand
резлод,rezlod,brand
резоглобін,rezoglobin,brand
резонатив,rhesonativ,brand
резістол,resistol,brand
рейнікс,reynix,brand
рейтоіл,reytoil,brand
рековель,recovel,brand
рекормон,recormon,brand
рексетин,rexetin,brand
ректодельт 100,rectodelt,brand
рекутан,recutanum,brand
релаксил,relaxil,brand
реленца,relenza,brand
реліф,relief,brand
ремавір,remavir,brand
ремедія,remedia,brand
ременс,remens,brand
реместип,remestip,brand
ремесулід,remesulide,brand
ремикейд,remicade,brand
ремотів,remotiv,brand
реміфентаніл,remifentanil,brand
реналган,renalgani,brand
ренгалін,rengalin,brand
ренейро,reneuro,brand
ренні,rennie,brand
ренохелс,renohels,brand
реніаль,renial,brand
ренімакс,renimax,brand
реогель,reogel,brand
реодар,reodar,brand
реональгон,reonalgon,brand
реосорбілакт,reosorbilact,brand
ресигар,resigar,brand
ресинап 3000,resynap,brand
респикс,respix,brand
респіброн,respibron,brand
респіглюкан,respiglucan,brand
рестасіс,restasis,brand
рестфул,restful,brand
рефекс,refex,brand
рехол,rehol,brand
реціта,recita,brand
рибоксин,riboxine,brand
рибомустин,ribomustin,brand
ривастигмін,rivastigmin,brand
ригевідон,rigevidon,brand
ризостин,risostin,brand
риксатон,rixathon,brand
ринза,rinza,brand
ринит,rinit,brand
ринолоксин,rinoloxin,brand
ринолор,rinolor,brand
риномістин,rynomistyn,brand
ринотайсс,rhinotays,brand
ринітал,rhinital,brand
риспаксол,rispaxol,brand
рисперон,risperon,brand
риспетрил,rispetril,brand
рисполепт,rispolept,brand
риссет,risset,brand
ритмокор,ritmocor,brand
ритмонорм,rytmonorm,brand
ритовір,ritonavir,brand
рифампіцин,rifampicin,brand
роаккутан,roaccutane,brand
ровамед,rovamed,brand
роватінекс,rovatinex,brand
ровахол,rovahol,brand
розаком,rozacom,brand
розалін,rozalin,brand
розамакс,rosamax,brand
розамет,rozamet,brand
розарт,rosart,brand
розастин,rozastin,brand
розатоп,rosatop,brand
розватор,rosvator,brand
роззор,rozzor,brand
розсмоктування хлорофілін,chlorophyllin,brand
розтиран,rostiran,brand
розувастатин,rosuvastatin,brand
розувастатин тева,rosuvastatin,brand
розуліп,rosulip,brand
розустат,rosustat,brand
розістер,rozister,brand
роксера,roxera,brand
роксид 150,roxid,brand
роксипер,roxiper,brand
роксипім,roxipime,brand
рокуронію бромід калцекс,rocuronium,brand
роліноз,rolinoz,brand
ромазик,romazic,brand
ромашка,chamomile,brand
роместін,romestin,brand
ронопрост,ranoprost,brand
роноцит,ronocit,brand
росемід,rosemid,brand
росустар,rosustar,brand
ротабіотик,rotabiotic,brand
роталфен,rotalfen,brand
ротапрост,rotaprost,brand
ротарикс,rotarix,brand
ротаритміл,rotarytmil,brand
ротацеф,rotacef,brand
ротокан,rotocanum,brand
роцефін,ceftriaxone,brand
рятівник,rjativnik,brand
ріабал,riabal,brand
ріалтріс,ryaltris,brand
різамігрен,risamigren,brand
різоптан,rizoptan,brand
рілептид,rileptid,brand
ріназал,rinazal,brand
рінвок,rinvoq,brand
ріопан,riopan,brand
рієко,ryeqo,brand
сабрил,sabril,brand
савіс,sawis,brand
саграда,sagrada,brand
сагілія,sagilia,brand
садіфіт,sadifit,brand
саксагліптин,saxagliptin,brand
саксенда,saxenda,brand
салофальк,mesalazine,brand
сальброксол,salbroxol,brand
сальбутамол,salbutamol,brand
сальвірен,salviren,brand
самітол,samitol,brand
санаком,sanacom,brand
санаксон,sanaxone,brand
сангера,sangera,brand
сангіва,sangiva,brand
сандостатин,sandostatin,brand
сандімун,sandimmun,brand
санзидим 1000,sanzidime,brand
саномен,canomen,brand
санорин,sanorin,brand
санпім,sunpim,brand
сантеквін,santekvin,brand
сантіжен,santigen,brand
санувіс,sanuvis,brand
санфур,sanfur,brand
санідар,sanidar,brand
саргін,sargin,brand
саротен,saroten,brand
сафлогіаль,saflohyal,brand
севоран,sevoran,brand
севофлуран,sevofluran,brand
севікар,sevicar,brand
седавіт,sedavit,brand
седанол,sedanol,brand
седаселфарм,sedaselfarm,brand
седафіт,sedaphyt,brand
седафітон,sedafiton,brand
седістрес,sedistress,brand
сезонія,sezonia,brand
секнідокс,secnidox,brand
селекап,selecap,brand
селен,selenium,brand
селеназа,selenasa,brand
селлсепт,cellcept,brand
селофен,selofen,brand
сельтавір,seltavir,brand
семлопін,samlopin,brand
семправил,sempravyl,brand
семітон,semiton,brand
сенаде,senade,brand
сенадексин,senadexinum,brand
сентор,sentor,brand
септавіол,septaviol,brand
септалор,septalor,brand
септаназал,septanasal,brand
септефрил,septefril,brand
септил,septil,brand
септоаква,septoaqua,brand
септіпім,septipim,brand
сервонекс,servonex,brand
сердолект,serdolect,brand
серліфт,serlift,brand
серміон,sermion,brand
серрата,serrata,brand
сертаконазол,sertaconazole,brand
сертикан,certican,brand
сертофен,sertofen,brand
сертралофт,sertraloft,brand
сертралін,sertraline,brand
сетегис,setegis,brand
сибазон,sibazonum,brand
сибутін,sibutin,brand
сигніцеф,signicef,brand
сиднофарм,sydnopharm,brand
сидокард,sidocard,brand
силагра,silagra,brand
силарсил,silarsil,brand
силденафіл,sildenafil,brand
силента,silenta,brand
силует,siluette,brand
силібор,silybor,brand
силібінорм,silibinorm,brand
силімарин,silymarin,brand
симбія,simbiya,brand
симвастат,simvastat,brand
симвастатин,simvastatin,brand
симватин,simvatin,brand
симдакс,simdax,brand
симетикон,simeticonum,brand
симода,simoda,brand
сингуляр,singulair,brand
синдрекс,syndrex,brand
синерпен,synerpen,brand
синудафен,sinudafen,brand
синупрет,sinupret,brand
синфлорикс,synflorix,brand
сирдалуд,sirdalud,brand
скафо,scapho,brand
скоприл,skopril,brand
скріпта,scripta,brand
скінорен,skinoren,brand
слабігель,slabigel,brand
слезавіт,slezavit,brand
сліпдокс,sleepdox,brand
сліпзон,sleepzone,brand
смекта,smecta,brand
смекталія,smectalia,brand
смофліпід,smoflipid,brand
содерм,soderm,brand
солантра,soolantra,brand
соледум,soledum,brand
солекс,solex,brand
солен,solen,brand
солерон,soleron,brand
солецист,solecyst,brand
солпалгін,solpalgin,brand
сольвенцій,solvencium,brand
солідагорен,solidagoren,brand
солізим,solizymum,brand
соліква,soliqua,brand
соліцин,solicin,brand
сомаверт,somavert,brand
сомазина,somazina,brand
сондокс,sondoxum,brand
сонміл,sonmil,brand
соннат,sonnat,brand
соннікс,sonniks,brand
сонобарбовал,sonobarboval,brand
сонован,sonovan,brand
сорбекс,sorbex,brand
сорбентогель,sorbentogel,brand
сорбілакт,sorbilact,brand
сорбіт,sorbitum,brand
соритмік,soritmik,brand
сормін,sormin,brand
сорцеф,sorcef,brand
софген,sofgen,brand
софіті,sofiti,brand
спазго,spasgo,brand
спазмалгон,spasmalgon,brand
спазмекс,spasmex,brand
спазмолікс,spasmolix,brand
спазмомен,spasmomen,brand
спарк,spark,brand
спаскупрель,spascupreel,brand
спастікалм,spasticalm,brand
спиртол,spirtol,brand
спорагал,sporagal,brand
спораксол,sporaxol,brand
спрей назальный назомер,nasomer,brand
спілактон,spylacton,brand
спірива,spiriva,brand
спіруліна,spiruline,brand
спітомін,spitomin,brand
сталево,stalevo,brand
стамло,stamlo,brand
стаурум,staurum,brand
стеатель,steatel,brand
стелара,stelara,brand
стерилліум,sterillium,brand
стерокорт,sterocort,brand
стилен,stilen,brand
стимол,stimol,brand
стимулотон,stimuloton,brand
стодаль,stodal,brand
стоматидин,stomatidin,brand
стомолік,stomolik,brand
стопдіар,stopdiar,brand
стоперан,stoperan,brand
стопмігрен,stopmigren,brand
сторвас,storvas,brand
стрезам,stresam,brand
стрептоміцин,streptomycin,brand
стрептоцид,streptocide,brand
стрессофіт,stressofit,brand
строндекс,strondex,brand
структум,structum,brand
стугерон,stugeron,brand
стівар,stivar,brand
субалін,subalin,brand
сувардіо,suvardio,brand
сугамадекс,sugammadex,brand
судокрем,sudocrem,brand
судорега,sudorega,brand
сульбактомакс,sulbactomax,brand
сульпірид,sulpiryd,brand
сульфадимезин,sulfadimesinum,brand
сульфадиметоксин,sulfadimethoxinum,brand
сульфаргин,sulfargin,brand
сульфасалазин,sulfasalazin,brand
сульфацетамід,sulfacetamide,brand
сульфацидамід,sulfacetamide,brand
сульфацил,sulfacil,brand
сульфокаїн,sulfocaine,brand
сульцеф,sulcef,brand
сумамед,sumamed,brand
сумамігрен,sumamigren,brand
суматриптан,sumatriptan,brand
суметролім,sumetrolim,brand
сумілар,sumilar,brand
супервіга,superviga,brand
супервіт,supervit,brand
супралев,supralev,brand
супрастин,suprastin,brand
супростилін,suprostilin,brand
супрілекс,suprelax,brand
суспрін,susprin,brand
сустамар,sustamar,brand
сутент,sutent,brand
суфентаніл зн,sufentanil,brand
суфер,sufer,brand
схізандрин,shyzandryn,brand
сіаліс,cialis,brand
сібінкво,cibinqo,brand
сіган,sigan,brand
сікапротект,siccaprotect,brand
сілдекс,sildex,brand
сімбринза,simbrinza,brand
сімпоні,simponi,brand
сімулект,simulect,brand
сінафлан,sinaflan,brand
сінгуляр,montelukast,brand
сінджарді,synjardy,brand
сінегра,sinegra,brand
сінметон,synmeton,brand
сінорм,sinorm,brand
сінрайз,cinryze,brand
сінумакс,sinumax,brand
сірка,sulfur,brand
сітопростат,sitoprostat,brand
табекс,tabex,brand
тавегіл,tavegyl,brand
тавіпек,tavipec,brand
тагріссо,tagrisso,brand
тагіста,tagista,brand
тадалафіл,tadalafil,brand
тадафіл,tadafil,brand
тазалок,tazalok,brand
тазпен,tazpen,brand
тайверб,tyverb,brand
тайгерон,tigeron,brand
тайгециклін,taygeciklin,brand
таймика,taimika,brand
таклор,taklor,brand
таксотер,taxotere,brand
талзенна,talzenna,brand
таллітон,talliton,brand
тамвелер,tamvelier,brand
"тамоксифен ""ебеве""",tamoxifen,brand
тамсулостад,tamsulostad,brand
тамсулід,tamsulid,brand
таміпул,tamipul,brand
тамістер,tamister,brand
тамістол,tamistol,brand
таміфлю,tamiflu,brand
танакан,tanakan,brand
тантіверт,tantivert,brand
танікор,tanicor,brand
таптіком,tapticom,brand
таргоцид,targocid,brand
тардиферон,tardyferon,brand
тарка,tarka,brand
тарцева,tarceva,brand
тасигна,tasigna,brand
таукард,taucard,brand
тауфон,taufonum,brand
тафлотан,taflotan,brand
тафінлар,tafinlar,brand
тахибен,tahiben,brand
тахокомб,tachocomb,brand
твінрикс,twinrix,brand
теагель стерильний гель щоденної гігієни повік та вій,theagel,brand
тебантин,tebantin,brand
тебокан,tebokan,brand
теваграстим,tevagrastim,brand
тегретол,tegretol,brand
телдипін,teldipin,brand
телмісартан,telmisartan,brand
телміста,telmista,brand
телпрес,telpres,brand
телсартан,telsartan,brand
телфаст,fexofenadine,brand
темодал,temodal,brand
темомедак,temomedak,brand
темпалгін,tempalgin,brand
тензокард,tensocard,brand
тенорос,tenoros,brand
тенорік,tenoric,brand
тенотен,tenoten,brand
тенохоп,tenochop,brand
теночек,tenochek,brand
теопек,theopecum,brand
теотард,theotard,brand
тералів,theraleve,brand
терамін,theramine,brand
терафлекс,theraflex,brand
тербінафін,terbinafinum,brand
тербінорм,terbinorm,brand
тержинан,tergynan,brand
термідол,termidol,brand
теронред,teronred,brand
терсо,terso,brand
тесалін,tesalin,brand
тетраксим,tetraxim,brand
тетрамол,tetramol,brand
тетранекст,tetranext,brand
тецентрик,tecentriq,brand
тигофаст,tigofast,brand
тизерцин,tisercin,brand
тикозид,ticozid,brand
тилда,tilda,brand
тималін,thymalinum,brand
тимоглобулін,thymoglobuline,brand
тингрекс,tingrex,brand
тиреофарм,tireofarm,brand
тирозол,thyrozol,brand
тиурекс,tiurex,brand
тобрадекс,tobradex,brand
тобраміцин,tobramycin,brand
тобрекс,tobrex,brand
тобіфламін,tobiflamin,brand
токката,toccata,brand
толевас,tolevas,brand
толкімадо,tolkimado,brand
томогексол,tomohexol,brand
томоскан,tomoskan,brand
тонгінал,tonginal,brand
тонзилекс,tonsilex,brand
тонзилотрен,tonsilotren,brand
тонзипрет,tonsipret,brand
тонорма,tonorma,brand
топамакс,topamax,brand
топілепсин,topilepsin,brand
топірамін,topiramin,brand
топіромакс,topiromax,brand
торадів,toradiv,brand
торарен,toraren,brand
торасемід,torasemide,brand
торвакард,torvacard,brand
торгабалін,torgabalin,brand
торендо,torendo,brand
торзакс,torzax,brand
торидип,toridip,brand
торсид,torsid,brand
тотема,tothema,brand
трабектедин,trabectedin,brand
траватан,travatan,brand
травмафлекс,traumaflex,brand
травонекст,travonext,brand
травінор,travinor,brand
тразодон,trazodone,brand
тракріум,tracrium,brand
трактоциль,tractocile,brand
трамадол,tramadolum,brand
трамікс,tramix,brand
транексам,tranexam,brand
трахісан,trachisan,brand
тренакса,trenaxa,brand
триакутан,triacutan,brand
триамло,triamlo,brand
тривалумен,trivalumen,brand
тригрим,trigrim,brand
тридерм,triderm,brand
тридуктан,triductane,brand
тризипин,trizipin,brand
трикард,tricard,brand
трикардин,tricardin,brand
трикасайд,trikasaid,brand
трилептал,trileptal,brand
тримек,trimek,brand
тримспа 200,trimspa,brand
триномія,trinomia,brand
трипліксам,triplixam,brand
трисептол,tryseptolum,brand
тритаце,tritace,brand
триттіко,trittico,brand
трифас 10,trifas,brand
троксевазин,troxerutin,brand
троксевенол,troxevenolum,brand
троксегель,troxegel,brand
троксерутин,troxerutinum,brand
тромбонет,thrombonet,brand
тромбоцид,thrombocid,brand
тропісетрон,tropisetron,brand
тросан,trosan,brand
труксал,truxal,brand
трібестан,tribestan,brand
тріомбраст,triombrast,brand
тріттіко,trazodone,brand
туберкулін,tuberculin,brand
тугіна,tugina,brand
тулон,tulon,brand
тулізид,tulizid,brand
туліксон,tulixon,brand
турусол,turusol,brand
тусавіт,tussavit,brand
тутукон,tutukon,brand
тіамекс,tiamex,brand
тіапрілан,tiaprilan,brand
тібсово,tibsovo,brand
тівортін,tivortin,brand
тігацил,tygacil,brand
тізалуд,tizalud,brand
тізоптан,tizoptan,brand
тійозид,tiyozid,brand
тіковак,ticovac,brand
тіколін,ticolin,brand
тімоксі,tymoxy,brand
тіогама,thiogamma,brand
тіодарон,thiodaron,brand
тіоктацид,thioctacid,brand
тіоктодар,thioctodar,brand
тіоктон,tiocton,brand
тіомекс,thiomex,brand
тіонекс,tioneks,brand
тіопентал,thiopental,brand
тіоцетам,thiocetam,brand
тієнам,tienam,brand
увіромед,uviromed,brand
угресол,ugresol,brand
угрин,ugrin,brand
укпім,ucpim,brand
укрлів,ukrliv,brand
ультравіст,ultravist,brand
ультрасластин,ultraslastin,brand
ультрафастин,ultrafastin,brand
ультрекс,ultrex,brand
умастар,umastar,brand
умкалор,umckalor,brand
ундевіт,undevitum,brand
ундетаб,undetab,brand
уніклофен,uniclofen,brand
унілат,unilat,brand
уніфлокс,uniflox,brand
уреотоп,ureotop,brand
уриклар,uriclar,brand
уримак,urimak,brand
уролесан,urolesan,brand
уронефрон,uronephron,brand
уропрес,uropres,brand
урорек,urorec,brand
уросепт,urosept,brand
уротол,urotol,brand
урофосцин,urofoscin,brand
урофурагін,urofuraginum,brand
урохолум,urocholum,brand
урсолів,ursoliv,brand
урсолізин,ursolisin,brand
урсомакс,ursomax,brand
урсоност,ursonost,brand
урсосан,ursosan,brand
урсохол,ursochol,brand
урсіс,ursis,brand
урівак,urivac,brand
успокой,uspokoi,brand
утрожестан,utrogestan,brand
уфалаза,ufalaza,brand
фабомотизол,fabomotizole,brand
фавіпіравір,favipiravir,brand
фазлодекс,faslodex,brand
файболекс,faibolex,brand
файтобакт,fytobact,brand
факовіт,fakovit,brand
фалвакс,falvaks,brand
фамвір,famvir,brand
фамотидин,famotidine,brand
фаніган,fanigan,brand
фарестон,fareston,brand
фарингонатур,faringonatur,brand
фарингосепт,faringosept,brand
фарисіл,pharysil,brand
фарлінекс,farlinex,brand
фармадекс,farmadex,brand
фармадипін,farmadipine,brand
фармадол,farmadol,brand
фармазолін,farmazoline,brand
фармаксикам,pharmaxicam,brand
фармаксон,pharmaxon,brand
фармасептик,pharmaceptic,brand
фармасептил,pharmaseptil,brand
фарматекс,pharmatex,brand
фармацитрон,pharmacitron,brand
фарінгтон,farington,brand
фастин,fastin,brand
фастофен,fastofen,brand
фебумакс,febuxostat,brand
феварин,fevarin,brand
федин 20,fedin,brand
фезам,phezam,brand
фексофаст,fexofast,brand
фексофенадин,fexofenadine,brand
фелодип,felodip,brand
фемара,femara,brand
фемостон,femoston,brand
феміваг,femivag,brand
феміклін,femiclean,brand
феміменс,femimens,brand
фемінаті,feminati,brand
фемінозид,feminoside,brand
фемінорм,feminorm,brand
феміроуз,femirose,brand
феміфуцин,femifucin,brand
феміцикл,femicicl,brand
фенкарол,phencarol,brand
фенокіт,fenokit,brand
фенотерол,fenoterol,brand
фентавера,fentavera,brand
фентаніл,phentanylum,brand
фентаніл фармак,fentanyl,brand
фенхель,fennel,brand
фенібут,phenibutum,brand
феністил,fenistil,brand
фервекс,fervex,brand
ферезол,pheresol,brand
феринжект,ferrinject,brand
фероксид,feroxyd,brand
ферровью,ferroview,brand
феррофол,ferrofol,brand
ферсінол,fersinol,brand
ферумбо,ferumbo,brand
фесго,phesgo,brand
фестал,pancreatin,brand
флавовір,flavovir,brand
фладекс,fladex,brand
фламіар,flamiar,brand
фламідез,flamidase,brand
флапрокс,flaprox,brand
флебавен,flebaven,brand
флебодіа,diosmin,brand
флего аноректальний гель при геморої,flego,brand
флексбумін,flexbumin,brand
флекселіт,flexelite,brand
флекцерин,flekcerin,brand
флемоксин,amoxicillin,brand
фленокс,flenox,brand
флеоптік,fleoptik,brand
флогензим,phlogenzym,brand
флоксанекст,floxanext,brand
флоксимед,floximed,brand
флоксіум,floxium,brand
фломма,flomma,brand
флора,flora,brand
флоразід,florazid,brand
флорачемп,florachamp,brand
флорисед,florised,brand
флороспазміл,florospasmil,brand
флоріум,florium,brand
флостерон,flosteron,brand
флосін,flosin,brand
флотто,flotto,brand
флубрікс,flubrix,brand
флувир,fluvir,brand
флудерм,fluderm,brand
флузамед,fluzamed,brand
флукап,flucap,brand
флуконазол,fluconazolum,brand
флуксен,fluxen,brand
флунол,flunol,brand
флуоксетин,fluoxetinum,brand
флуомізин,fluomizin,brand
флура 5,flura,brand
флутамід,flutamide,brand
флутафарм,flutafarm,brand
флутиказон,fluticasone,brand
флутіксон,flutixon,brand
флутісал,flutisal,brand
флуімуцил,fluimucil,brand
флюанксол,fluanxol,brand
флюдітек,fluditec,brand
флюзак,fluzac,brand
флюколд,flucold,brand
флюкорик,flucoric,brand
флікс,flix,brand
фогістін,fohystin,brand
фоксеро,foxero,brand
фокусин,fokusin,brand
фоленса,folensa,brand
фольтреса,foltresa,brand
фоліграф,foligraf,brand
фолідін,folidin,brand
форкал,phorcal,brand
форксіга,dapagliflozin,brand
фосміцин,fosmicin,brand
фосфомед,fosfomed,brand
фосфоміцин,fosfomycin,brand
фосфоцин,fosfocin,brand
фотил,fotil,brand
фраксипарин,fraxiparine,brand
фрейм,freym,brand
фрелсі,frelsi,brand
фринол,freenol,brand
фромілід,fromilid,brand
фрівей,freeway,brand
фталазол,phthalazolum,brand
фторафур,ftorafur,brand
фторокорт,ftorocort,brand
фузідерм,fusiderm,brand
фузікутан,fusicutan,brand
фукорцин,fucorcin,brand
фулведжект,fulveject,brand
фулвестрант,fulvestrant,brand
фумарта,fumarta,brand
фуніт,funit,brand
фурагін,furaginum,brand
фурадонін,furadoninum,brand
фуразолідон,furazolidonum,brand
фурамаг,furamag,brand
фурасол,furasol,brand
фурацилін,furacilinum,brand
фуросемід,furosemidum,brand
фуцис,fusys,brand
фібриназа 10,fibrinaza,brand
фібриназа 20,fibrinaza,brand
фібріга,fibryga,brand
фізіотенс,physiotens,brand
філап,filup,brand
філстим,filstimum,brand
фінаген,finagen,brand
фінголімод,fingolimodum,brand
фінлепсин,finlepsin,brand
фірмагон,firmagon,brand
фірулін 10000,firulin,brand
фіріалта,firialta,brand
фітобене,phytobene,brand
фітобронхол,phytobronchol,brand
фітогастрол,phytogastrol,brand
фітогепатол,phytohepatol,brand
фітодент,phytodentum,brand
фітолізин,phytolysin,brand
фітоліт,phytolyte,brand
фітонефрол,phytonefrol,brand
фітопрост,fitoprost,brand
фітопурінол,fitopurinol,brand
фітор,phytor,brand
фітосед,phytosed,brand
фітоседан,phitosedan,brand
фітосепт,fitosept,brand
фітостатин,phytostatin,brand
фітоцистол,phytocistol,brand
хабіфак,habifak,brand
хайрімоз 40,hyrimoz,brand
хартил,hartil,brand
хедрінг,headring,brand
хелпекс,helpex,brand
хемоміцин,hemomicyn,brand
хепель,hepeel,brand
хепілор,happylor,brand
хеферол,heferol,brand
хлоргексидин,chlorhexidin,brand
хлоропірамін,chloropyramine,brand
хлорофіліпт,chlorophylliptum,brand
хлорпромазин,chlorpromazine,brand
хлортрианізен,chlortrianisen,brand
холедіус,choledius,brand
холелесан,cholelesan,brand
холосас,cholosas,brand
холрест,cholrest,brand
холудексан,choludexan,brand
холівер,choliver,brand
холікс,cholix,brand
холісал,cholisal,brand
хомвіотензин,homviotensin,brand
хондросат,chondrosat,brand
хондрофлекс,chondroflex,brand
хондроітин,chondroitin,brand
хофітол,chophytol,brand
хром,hrom,brand
хумулiн,humulin,brand
хуміра,humira,brand
хігія шампунь проти вошей та гнид,hygia,brand
хіконцил,hiconcil,brand
хінофуцин,chinofucin,brand
хіпотел,hypotel,brand
хітарт,hitart,brand
цебопім,cebopime,brand
цеброфіт,cebrofit,brand
цедевін,cedevin,brand
целанід,celanidum,brand
целебрекс,celebrex,brand
целіста,celista,brand
центролін,centrolin,brand
цераксон,ceraxon,brand
церварикс,cervarix,brand
церебролізин,cerebrolysin,brand
цереброліт,cerebrolit,brand
церебростим,cerebrostim,brand
церегліа,cereglia,brand
цертамен,certamen,brand
церукал,cerucal,brand
церінта,cerinta,brand
цетиризин,cetirizine,brand
цетло,cetlo,brand
цетрилев,cetrilev,brand
цетримак,cetrimac,brand
цетрин,cetirizine,brand
цефавора,cefavora,brand
цефагіл,cefagil,brand
цефазолін,cefazolinum,brand
цефаксон,cefaxone,brand
цефамадар,cefamadar,brand
цефанейро,cefaneuro,brand
цефасель,cefasel,brand
цефепім,cefepimum,brand
цефинак,cefinak,brand
цефма,cefma,brand
цефобоцид,cefobocid,brand
цефопектам,cefopectam,brand
цефоперазон,cefoperazonum,brand
цефотаксим,cefotaximum,brand
цефотрин,cefotrine,brand
цефпотек 200,cefpotek,brand
цефтазідим,ceftazidim,brand
цефтатім,ceftatime,brand
цефтрактам,ceftractam,brand
цефтриаксон,ceftriaxone,brand
цефтріаксон,ceftriaxone,brand
цефтум,ceftum,brand
цефуроксим,cefuroxime,brand
цефутил,cefutil,brand
цефікад 1000,ceficad,brand
цефікс,cefix,brand
цибор,zibor,brand
циделон,cidelon,brand
циклодол,cyclodolum,brand
цикложен,cyclogen,brand
циклокс,cikloks,brand
циклокутан,ciclocutan,brand
цикломед,cyclomed,brand
циклофіт,cyclophyt,brand
цилпен,cilpen,brand
цилітин,cilitin,brand
цимевен,cymevene,brand
цинабсин,cinnabsin,brand
цинакальцет,tsynakaltset,brand
цинаризин,cinnarizin,brand
цинарікс,cynarix,brand
цинкоферол 4000,zincoferol,brand
цинктерал,zincteral,brand
цинкіт,zinkit,brand
ципралекс,cipralex,brand
ципраміл,cipramil,brand
ципринол,ciprinol,brand
ципробай,ciprofloxacin,brand
ципробел,ciprobel,brand
ципронекс,cipronex,brand
ципрофарм,ciprofarm,brand
ципрофлоксацин,ciprofloxacin,brand
ципрофлоксофарм,cyprophloxofarm,brand
цирелакс,cirelax,brand
"цисплатин ""ебеве""",cisplatin,brand
цистон,cystone,brand
цитарабін,cytarabinum,brand
цитеал,cyteal,brand
цитозар,cytosar,brand
цитокон,citocon,brand
цитомоксан,cytomoxan,brand
цитоцерт,cytocert,brand
цитрафліт,citrafleet,brand
цитрокель,citrokehl,brand
цитрік,citric,brand
цифран,cifran,brand
ціанокобаламін,cyanocobalamin,brand
цілоксан,ciloxan,brand
часник,garlic,brand
чемпікс,champix,brand
"шампунь рослинний ""лавінал""",lavinal,brand
юнорм,yunorm,brand
юнівіт,junivit,brand
юнілдокс,doxycycline,brand
юніпак,unipaque,brand
юперіо,uperio,brand
янувія,januvia,brand
янумет,janumet,brand
ярина,yaryna,brand
єврозидим,eurozidimum,brand
євроксим,euroxim,brand
євронекс,euronex,brand
європенем,europenem,brand
єврофаст,eurofast,brand
єврофеб,eurofeb,brand
єврофлокс,euroflox,brand
євроцефтаз,euroceftaz,brand
єллокс,yellox,brand
єсом,esom,brand
ібранс,ibrance,brand
ібумент,ibument,brand
ібупрофен,ibuprofen,brand
ібутард 300,ibutard,brand
івітусін,ivitusin,brand
ізодибут,isodibut,brand
ізокет,isoket,brand
ізоніазид,isoniazid,brand
ізопринозин,isoprinosine,brand
ізосол,isosol,brand
ізотретиноїн,isotretinoin,brand
ізофлуран,isofluranum,brand
ізіклін,eziclen,brand
ікервис,ikervis,brand
іксджева,xgeva,brand
іксіндол,ixindol,brand
іломедін,ilomedin,brand
ілон,ilon,brand
іматініб віста,imatinib,brand
імбролів,imbroliv,brand
імет,imet,brand
іммард,immard,brand
іммунал,immunal,brand
іммунобукол,immunobukol,brand
імпаза,impasa,brand
імунат,immunate,brand
імунний,immune,brand
імуновел,imunovel,brand
імуноплюс,immunoplus,brand
імунофіт,immunophyt,brand
імунсил,immunsil,brand
імупрет,imupret,brand
імуран,imuran,brand
імустат,imustat,brand
імібацид,imibacid,brand
імігран,sumatriptan,brand
інбутол,inbutol,brand
інванз,invanz,brand
інвега,invega,brand
інвітол,invitol,brand
інгалін,inhalin,brand
інгаліпт,inhalyptum,brand
інгаміст,ingamist,brand
інгуар,inguar,brand
індап,indap,brand
індапамід,indapamide,brand
індобрест,indobrest,brand
індовенол,indovenolum,brand
індопрес,indopres,brand
інжеста,injesta,brand
інліта,inlita,brand
іноседа,inoseda,brand
інспра,inspra,brand
інсті,insti,brand
інтегрилін,integrilin,brand
інтеларія,intelaria,brand
інтеллан,intellan,brand
інфакол,infacol,brand
інфламафертин,inflamafertin,brand
інфламін,inflamin,brand
інфларакс,inflarax,brand
інфлувак,influvac,brand
інфлюцид,influcid,brand
інфузолід,infusolid,brand
інфулган,infulgan,brand
іпамід,ipamid,brand
іпатон,ipaton,brand
іпідакорд,ipidacord,brand
ірбетан,irbetan,brand
іриновіста,irinovista,brand
іриносиндан,irinosindan,brand
ірифрин,irifrin,brand
ісентресс,isentress,brand
ісміжен,ismigen,brand
ітомед,itomed,brand
ітракон,itracon,brand
ітраконазол,itraconazolum,brand
ітрунгар,itrungar,brand
іфем,ifem,brand
іхтіол,ichtyol,brand
